section,key,hebrew,english
General / Common,app.name,FriendlyBet,FriendlyBet
General / Common,common.loading,טוען...,Loading...
General / Common,common.save,שמור,Save
General / Common,common.cancel,ביטול,Cancel
General / Common,common.delete,מחק,Delete
General / Common,common.close,סגור,Close
General / Common,common.back,חזור,Back
General / Common,common.next,הבא,Next
General / Common,common.confirm,אשר,Confirm
General / Common,common.yes,כן,Yes
General / Common,common.no,לא,No
General / Common,common.error,שגיאה,Error
General / Common,common.success,הצלחה,Success
General / Common,common.copy,העתק,Copy
General / Common,common.share,שתף,Share
General / Common,common.copied,הועתק!,Copied!
General / Common,common.continue,המשך,Continue
General / Common,common.skip,דלג,Skip
General / Common,common.create,צור,Create
General / Common,common.add,הוסף,Add
General / Common,common.remove,הסר,Remove
General / Common,common.edit,ערוך,Edit
General / Common,common.update,עדכן,Update
General / Common,common.send,שלח,Send
General / Common,common.points,נק\',pts
General / Common,common.bonusPoints,נק\' בונוס,bonus pts
General / Common,common.you,אתה,You
General / Common,common.admin,מארגן,Admin
General / Common,common.adminBadge,מארגן ✓,Admin ✓
General / Common,common.day,יום,day
General / Common,common.days,ימים,days
General / Common,common.daysUntil,ימים עד,days until
General / Common,common.lastUpdated,עודכן,Updated
General / Common,common.allRights,כל הזכויות,All rights reserved
General / Common,common.menu,תפריט,Menu
Onboarding,welcome.title,FriendlyBet,FriendlyBet
Onboarding,welcome.subtitle,הימור חברים על מונדיאל 2026,World Cup Predictions with Your Friends
Onboarding,welcome.tagline,100% חינמי · ללא פרסומות · ללא הגבלות,100% FREE · NO ADS · NO LIMITS · NO PAYWALLS
Onboarding,welcome.create,צור הימור חדש,Create New Pool
Onboarding,welcome.join,הצטרף להימור,Join Pool
Onboarding,welcome.recoveryLogin,יש לי קוד שחזור,I have a recovery code
Onboarding,recoveryLogin.title,התחבר עם קוד שחזור,Log in with recovery code
Onboarding,recoveryLogin.heading,הזן את הקוד,Enter your code
Onboarding,recoveryLogin.subtitle,הקוד בן 16 תווים שקיבלת בעת ההצטרפות או יצירת ההימור,The 16-character code you received when you joined or created the pool
Onboarding,recoveryLogin.codeLabel,קוד שחזור,Recovery code
Onboarding,recoveryLogin.submit,התחבר,Log in
Onboarding,recoveryLogin.errorShort,הקוד קצר מדי - בדוק שהזנת אותו במלואו,Code is too short — make sure you entered it fully
Onboarding,recoveryLogin.errorNotFound,קוד לא נמצא. בדוק שהזנת בדיוק את הקוד שקיבלת.,Code not found. Make sure it matches exactly what you received.
Onboarding,recoveryLogin.errorNoPool,ההימור שמשויך לקוד הזה לא נמצא,The pool linked to this code could not be found
Onboarding,recoveryLogin.success,"ברוך שובך, {nickname}!","Welcome back, {nickname}!"
Onboarding,welcome.noSignup,"קוד פתוח · ללא איסוף מידע אישי · <a href=""https://github.com/Aviatorpo/friendlybet"" target=""_blank"" rel=""noopener"">GitHub</a>","Open source · No personal data collected · <a href=""https://github.com/Aviatorpo/friendlybet"" target=""_blank"" rel=""noopener"">GitHub</a>"
Onboarding,create.title,צור הימור חדש,Create New Pool
Onboarding,create.poolName,שם ההימור,Pool Name
Onboarding,create.poolNamePlaceholder,למשל: ההימור של החבר'ה,e.g. The Boys Pool
Onboarding,create.nickname,הכינוי שלך,Your Nickname
Onboarding,create.nicknamePlaceholder,איך תופיע בלוח הדירוג,How you appear on the leaderboard
Onboarding,create.button,צור הימור,Create Pool
Onboarding,join.title,הצטרף להימור,Join Pool
Onboarding,join.whichPool,איזה הימור?,Which Pool?
Onboarding,join.enterCode,הזן את קוד ההימור שקיבלת,Enter the pool code you received
Onboarding,join.code,קוד ההימור,Pool Code
Onboarding,join.codePlaceholder,"5 אותיות, למשל: ABCDE","5 letters, e.g. ABCDE"
Onboarding,join.nickname,הכינוי שלך,Your Nickname
Onboarding,join.nicknamePlaceholder,איך תופיע בלוח הדירוג,How you appear on the leaderboard
Onboarding,join.button,הצטרף,Join
Onboarding,join.invitedTo,הוזמנת ל,You\'re invited to
Onboarding,join.poolCode,קוד,Code
Onboarding,join.findError,הקוד לא נמצא. בדוק שוב.,Code not found. Try again.
Onboarding,join.poolLocked,ההימור נעול,Pool Locked
Onboarding,join.poolLockedDesc,המארגן נעל את ההימור. לא ניתן להצטרף.,The admin has locked this pool. Cannot join.
Onboarding,recovery.title,התחברות עם קוד שחזור,Login with Recovery Code
Onboarding,recovery.code,הקוד שלך,Your Code
Onboarding,recovery.codePlaceholder,16 תווים,16 characters
Onboarding,recovery.button,התחבר,Log In
Onboarding,recoveryCode.title,שמור את קוד השחזור!,Save your recovery code!
Onboarding,recoveryCode.subtitle,תזדקק לו כדי להיכנס שוב מטלפון אחר,You\'ll need it to log in from another device
Onboarding,recoveryCode.warning,הקוד הזה לא יוצג שוב. שמור אותו במקום בטוח.,This code won\'t be shown again. Save it somewhere safe.
Onboarding,recoveryCode.continue,"הבנתי, המשך","Got it, continue"
Onboarding,recoveryCode.copyButton,העתק קוד,Copy code
Dashboard,dashboard.greeting,היי,Hi
Dashboard,dashboard.your,ההימור שלך,Your Pool
Dashboard,dashboard.points,נקודות,Points
Dashboard,dashboard.rank,מקום,Rank
Dashboard,dashboard.position,בלוח,on leaderboard
Dashboard,dashboard.poolCode,קוד הימור,Pool code
Dashboard,dashboard.share,שתף,Share
Dashboard,dashboard.myRank,המקום שלך,Your rank
Dashboard,dashboard.myBets,ההימורים שלי,My predictions
Dashboard,dashboard.status.groups,שלב הבתים,Group stage
Dashboard,dashboard.status.knockout,שלב הנוקאאוט,Knockout stage
Dashboard,dashboard.status.topScorer,מלך השערים,Top scorer
Dashboard,dashboard.status.notStarted,עדיין לא הימרת,
Dashboard,dashboard.status.partialGroups,הימרת על {n} מתוך 32,Picked {n} of 32
Dashboard,dashboard.status.completedGroups,הושלם · 32 קבוצות,Done · 32 teams
Dashboard,dashboard.status.afterGroups,נפתח אחרי שלב הבתים,Opens after group stage
Dashboard,dashboard.status.koReady,מוכן להמר על 31 משחקים,Ready to predict 31 matches
Dashboard,dashboard.status.partialKo,הימרת על {n} מתוך 31,Picked {n} of 31
Dashboard,dashboard.status.completedKo,הושלם · 31 משחקים,Done · 31 matches
Dashboard,dashboard.status.topScorerLocked,נפתח בקרוב,Opens soon
Dashboard,dashboard.action.start,התחל,Start
Dashboard,dashboard.action.continue,המשך,Continue
Dashboard,dashboard.action.edit,ערוך,Edit
Dashboard,dashboard.invite.title,הזמן חברים להימור,Invite friends to pool
Dashboard,dashboard.invite.subtitle,שלח קישור ב-WhatsApp או Telegram,Send a link via WhatsApp or Telegram
Dashboard,dashboard.quickAction.leaderboard,דירוג,Leaderboard
Dashboard,dashboard.quickAction.help,עזרה,Help
Dashboard,dashboard.menu.title,תפריט,Menu
Dashboard,dashboard.role.member,משתתף,Member
Dashboard,dashboard.role.adminMember,מארגן ומשתתף,Admin & Member
Dashboard,dashboard.fallback.nickname,משתמש,User
Dashboard,dashboard.fallback.poolName,הימור,Pool
Dashboard,dashboard.menu.invite,הזמן חברים להימור,Invite friends to pool
Dashboard,dashboard.menu.myInfo,המידע שלי,My info
Dashboard,dashboard.menu.showRecovery,הצג קוד שחזור,Show recovery code
Dashboard,dashboard.menu.members,רשימת משתתפים,Members list
Dashboard,dashboard.menu.leaderboard,לוח דירוגים,Leaderboard
Dashboard,dashboard.menu.matches,לוח משחקים,Match schedule
Dashboard,dashboard.menu.bracket,שלב הנוקאאוט,Bracket
Dashboard,dashboard.menu.topScorer,מלך השערים,Top Scorer
Dashboard,dashboard.menu.help,עזרה ושאלות נפוצות,Help & FAQ
Dashboard,dashboard.menu.admin,אזור מארגן,Admin area
Dashboard,dashboard.menu.manageMembers,ניהול חברים,Manage members
Dashboard,dashboard.menu.settings,הגדרות ההימור,Pool settings
Dashboard,dashboard.menu.preferences,הגדרות,Preferences
Dashboard,dashboard.menu.language,שפה,Language
Dashboard,dashboard.menu.leave,התנתק מההימור,Leave pool
Dashboard,dashboard.action.groups,הימור על בתים,Group Stage Predictions
Dashboard,dashboard.action.groups.desc,בחר את הקבוצות שיעלו לנוקאאוט,Pick which teams will advance to knockout
Dashboard,dashboard.action.knockout,הימור על נוקאאוט,Knockout Predictions
Dashboard,dashboard.action.knockout.desc,נחש מי יעלה מ-32 הקבוצות,Predict winners of the 32 advancing teams
Dashboard,dashboard.action.topScorer,מלך השערים,Top Scorer
Dashboard,dashboard.action.topScorer.desc,נחש מי יבקיע הכי הרבה שערים,Pick who will score the most goals
Dashboard,dashboard.action.simulator,סימולטור סיכון,Risk Simulator
Dashboard,dashboard.action.simulator.desc,תכנן אסטרטגיה עם הימור על אנדרדוגים,Plan your strategy with underdog bets
Dashboard,dashboard.poolLocked,ההימור נעול - לא ניתן לשנות בחירות,Pool locked - predictions cannot be changed
Dashboard,dashboard.poolLockedShort,נעול,Locked
Group Betting,groups.title,הימור על בתים,Group Stage Predictions
Group Betting,groups.group,בית,Group
Group Betting,groups.pickInstructions,בחר 2 או 3 קבוצות מהבית הזה,Pick 2 or 3 teams from this group
Group Betting,groups.advance,יעלו לנוקאאוט,will advance to knockout
Group Betting,groups.tier.favorite,פייבוריט,Favorite
Group Betting,groups.tier.contender,מתחרה,Contender
Group Betting,groups.tier.underdog,אנדרדוג,Underdog
Group Betting,groups.tier.favorite.multi,×1,×1
Group Betting,groups.tier.contender.multi,×1.5,×1.5
Group Betting,groups.tier.underdog.multi,×2,×2
Group Betting,groups.minPicks,בחר לפחות 2,Pick at least 2
Group Betting,groups.maxReached,כבר בחרת 3 קבוצות. הסר אחת לפני שתוסיף עוד,You already picked 3 teams. Remove one to add more
Group Betting,groups.finishBetting,סיים את ההימור,Finish predictions
Group Betting,groups.nextGroup,בית,Group {letter}
Group Betting,groups.completed,השלמת את כל הבתים!,You completed all groups!
Group Betting,groups.savingPicks,שומר...,Saving...
Group Betting,groups.savedPicks,נשמר ✓,Saved ✓
Group Betting,groups.picksSaved,הבחירות נשמרו,Predictions saved
Knockout,knockout.title,הימור על נוקאאוט,Knockout Predictions
Knockout,knockout.r32,סבב 32,Round of 32
Knockout,knockout.r16,שמינית גמר,Round of 16
Knockout,knockout.qf,רבע גמר,Quarter-Finals
Knockout,knockout.sf,חצי גמר,Semi-Finals
Knockout,knockout.final,גמר,Final
Knockout,knockout.pickWinner,בחר את המנצח,Pick the winner
Knockout,knockout.tbd,יעודכן בהמשך,TBD
Top Scorer,topScorer.title,מלך השערים,Top Scorer
Top Scorer,topScorer.heroTitle,נחש את מלך השערים,Predict the Top Scorer
Top Scorer,topScorer.heroDesc,מי יבקיע הכי הרבה שערים במונדיאל?,Who will score the most goals at the World Cup?
Top Scorer,topScorer.heroBonus,+25 נקודות בונוס,+25 bonus points
Top Scorer,topScorer.heroBonusEnd,אם תנחש נכון!,if you predict correctly!
Top Scorer,topScorer.searchPlaceholder,חיפוש שחקן (באנגלית בלבד)...,Search player (English only)...
Top Scorer,topScorer.hintsTitle,💡 דוגמאות לחיפוש:,💡 Search examples:
Top Scorer,topScorer.hintsNote,"ניתן לחפש לפי שם השחקן, חלק מהשם, או קוד הקבוצה (3 אותיות באנגלית)","Search by player name, partial name, or team code (3 letters)"
Top Scorer,topScorer.teamSuffix,(קבוצה),(team)
Top Scorer,page.title,FriendlyBet · הימור חברים על מונדיאל 2026,FriendlyBet · Friends World Cup 2026 predictions
Top Scorer,page.description,"הימור חברים על מונדיאל 2026 - חינמי, בלי פרסומות, בלי כסף","Friends World Cup 2026 predictions — free, no ads, no money"
Top Scorer,topScorer.team,קבוצה,Team
Top Scorer,topScorer.noResults,לא נמצאו שחקנים,No players found
Top Scorer,topScorer.tryOther,נסה לחפש שם אחר,Try a different name
Top Scorer,topScorer.yourPick,הבחירה שלך:,Your pick:
Top Scorer,topScorer.changePick,שנה בחירה,Change pick
Top Scorer,topScorer.clearPick,נקה בחירה,Clear pick
Top Scorer,topScorer.confirmChange,להחליף את הבחירה?,Change your pick?
Top Scorer,topScorer.picked,בחרת ב-,You picked 
Top Scorer,topScorer.cleared,הבחירה בוטלה,Pick cleared
Top Scorer,topScorer.star,כוכב,Star
Top Scorer,topScorer.locked.title,מלך השערים יפתח בקרוב,Top Scorer opens soon
Top Scorer,topScorer.locked.desc,נחכה לפרסום הסגלים הרשמיים על-ידי FIFA,Waiting for official squad lists from FIFA
Top Scorer,topScorer.locked.daysUntil,ימים עד תחילת המונדיאל,days until World Cup starts
Top Scorer,topScorer.locked.lastCheck,בדיקה אחרונה,Last check
Risk Simulator,simulator.title,סימולטור סיכון,Risk Simulator
Risk Simulator,simulator.desc,תכנן את האסטרטגיה שלך,Plan your strategy
Risk Simulator,simulator.totalBets,"סה""כ בחירות",Total picks
Risk Simulator,simulator.expectedPoints,נקודות צפויות,Expected points
Risk Simulator,simulator.byTier,לפי דרגה:,By tier:
Risk Simulator,simulator.recommendation,המלצה,Recommendation
Leaderboard,leaderboard.title,לוח דירוגים,Leaderboard
Leaderboard,leaderboard.rank,מקום,Rank
Leaderboard,leaderboard.player,שחקן,Player
Leaderboard,leaderboard.points,נקודות,Points
Leaderboard,leaderboard.groups,בתים,Groups
Leaderboard,leaderboard.knockout,נוקאאוט,Knockout
Leaderboard,leaderboard.bonus,בונוס,Bonus
Leaderboard,leaderboard.total,"סה""כ",Total
Leaderboard,leaderboard.notStarted,עדיין לא הימר,Not started yet
Leaderboard,leaderboard.partial,הימר על,Made
Leaderboard,leaderboard.partialPicks,בחירות,picks
Leaderboard,leaderboard.complete,השלים את הבתים,Completed groups
Leaderboard,leaderboard.you,(אתה),(you)
Leaderboard,leaderboard.empty,אין משתתפים,No participants
Leaderboard,leaderboard.joinedToday,הצטרף היום,Joined today
Leaderboard,leaderboard.joinedYesterday,הצטרף אתמול,Joined yesterday
Leaderboard,leaderboard.joinedDaysAgo,הצטרף לפני {n} ימים,Joined {n} days ago
Leaderboard,leaderboard.joinedOn,הצטרף ב-{date},Joined on {date}
Leaderboard,leaderboard.fullRanking,דירוג מלא,Full ranking
Leaderboard,leaderboard.emptyTitle,הטורניר עוד לא התחיל,Tournament hasn\'t started yet
Leaderboard,leaderboard.emptyText,הניקוד יחושב אחרי שיתחילו המשחקים,Scores will be calculated after matches begin
Leaderboard,leaderboard.participantsCount,{n} משתתפים,{n} participants
Leaderboard,leaderboard.statusBefore,לפני התחלת הטורניר,Before tournament starts
Leaderboard,leaderboard.statusDuring,במהלך הטורניר,Tournament in progress
Leaderboard,leaderboard.podiumEmpty,ריק,Empty
Leaderboard,leaderboard.noPointsYet,עדיין בלי נקודות,No points yet
Leaderboard,leaderboard.loadError,שגיאה בטעינת הדירוג,Failed to load leaderboard
Leaderboard,leaderboard.shareText,🏆 לוח הדירוגים של {poolName}!\n\nהצטרף ל-FriendlyBet והתחרה איתנו על מונדיאל 2026:\n{url},🏆 Leaderboard for {poolName}!\n\nJoin FriendlyBet and compete with us on World Cup 2026:\n{url}
Matches,matches.title,לוח משחקים,Match Schedule
Matches,matches.filter.all,הכל,All
Matches,matches.filter.live,חי,Live
Matches,matches.filter.today,היום,Today
Matches,matches.filter.upcoming,עתידי,Upcoming
Matches,matches.empty,אין משחקים להצגה,No matches to display
Matches,matches.live,חי,LIVE
Matches,matches.finished,הסתיים,Final
Matches,matches.scheduled,מתוכנן,Scheduled
Matches,matches.matchNum,משחק,Match
Matches,matches.youPredicted,ניחשת:,Your pick:
Matches,matches.correctPrediction,ניחשת נכון! +{n} נק\',Correct! +{n} pts
Matches,matches.wrongPrediction,לא ניחשת נכון,Wrong prediction
Bracket,bracket.title,שלב הנוקאאוט,Bracket
Bracket,bracket.r16,שמינית גמר,Round of 16
Bracket,bracket.qf,רבע גמר,Quarter-Finals
Bracket,bracket.sf,חצי גמר,Semi-Finals
Bracket,bracket.final,גמר,Final
Bracket,bracket.champion,אלוף,Champion
Members,members.title,רשימת משתתפים,Members
Members,members.count,{n} משתתפים,{n} members
Members,members.pending,{n} ממתינים לאישור,{n} pending approval
Members,members.empty,אין משתתפים בהימור,No members yet
Admin,admin.title,אזור מארגן,Admin area
Admin,admin.members.title,ניהול חברים,Manage Members
Admin,admin.members.total,"סה""כ",Total
Admin,admin.members.pending,ממתינים,Pending
Admin,admin.members.complete,השלימו,Completed
Admin,admin.members.approve,אשר,Approve
Admin,admin.members.reject,הסר,Remove
Admin,admin.members.pendingBadge,⏳ ממתין לאישור,⏳ Pending approval
Admin,admin.members.poolLocked,ההימור נעול - לא ניתן לאשר/לדחות,Pool locked - cannot approve/reject
Admin,admin.member.actions,פעולות,Actions
Admin,admin.member.generateCode,צור קוד שחזור חדש,Generate new recovery code
Admin,admin.member.remove,הסר מההימור,Remove from pool
Admin,admin.member.confirmRemove,להסיר את {name} מההימור?,Remove {name} from the pool?
Admin,admin.member.removed,המשתמש הוסר,Member removed
Admin,admin.member.approved,המשתמש אושר,Member approved
Admin,admin.member.rejected,המשתמש הוסר,Member removed
Admin,admin.settings.title,הגדרות ההימור,Pool Settings
Admin,admin.settings.poolStatus,מצב ההימור,Pool Status
Admin,admin.settings.locked,נעול,Locked
Admin,admin.settings.unlocked,פתוח,Open
Admin,admin.settings.lockBtn,נעל את ההימור,Lock pool
Admin,admin.settings.unlockBtn,פתח את ההימור,Unlock pool
Admin,admin.settings.lockDesc,כשנעול - אי אפשר לשנות בחירות. אישור חברים חדשים מבוטל.,When locked - predictions can\'t be changed. New member approval disabled.
Admin,admin.settings.scoring,ניקוד,Scoring
Admin,admin.settings.scoring.groups,בית (כל ניחוש נכון),Group stage (per correct pick)
Admin,admin.settings.scoring.r32,שמינית גמר,Round of 32
Admin,admin.settings.scoring.r16,שמינית גמר,Round of 16
Admin,admin.settings.scoring.qf,רבע גמר,Quarter-Finals
Admin,admin.settings.scoring.sf,חצי גמר,Semi-Finals
Admin,admin.settings.scoring.final,גמר,Final
Admin,admin.settings.scoring.topScorer,מלך השערים,Top Scorer
Admin,admin.settings.reset,אפס לברירת מחדל,Reset to default
Admin,admin.settings.confirmReset,לאפס את הניקוד לברירת המחדל?,Reset scoring to default?
Sharing / Invite,invite.title,הזמן חברים להימור,Invite friends to pool
Sharing / Invite,invite.desc,שתף את הקישור הזה כדי להזמין חברים,Share this link to invite friends
Sharing / Invite,invite.code,קוד ההימור,Pool code
Sharing / Invite,invite.link,קישור הזמנה,Invite link
Sharing / Invite,invite.whatsapp,WhatsApp,WhatsApp
Sharing / Invite,invite.telegram,Telegram,Telegram
Sharing / Invite,invite.qr,QR,QR
Sharing / Invite,invite.copy,העתק,Copy
Sharing / Invite,invite.shareText,הצטרף להימור שלי על המונדיאל!,Join my World Cup prediction pool!
Help,help.title,עזרה ושאלות נפוצות,Help & FAQ
Help,help.intro,FriendlyBet הוא משחק חברתי להימור על המונדיאל,FriendlyBet is a social World Cup prediction game
Toasts / Messages,toast.poolCreated,ההימור נוצר בהצלחה!,Pool created successfully!
Toasts / Messages,toast.joined,הצטרפת בהצלחה,Joined successfully
Toasts / Messages,toast.loginSuccess,התחברת בהצלחה,Logged in successfully
Toasts / Messages,toast.invalidCode,קוד שגוי,Invalid code
Toasts / Messages,toast.poolNotFound,ההימור לא נמצא,Pool not found
Toasts / Messages,toast.copyError,שגיאה בהעתקה,Copy failed
Toasts / Messages,toast.copied,הועתק ללוח,Copied to clipboard
Toasts / Messages,toast.recoveryNew,קוד שחזור חדש נוצר,New recovery code generated
Toasts / Messages,toast.offline,אתה כרגע במצב לא מקוון,You are offline
Toasts / Messages,toast.online,חזרת למצב מקוון,Back online
Toasts / Messages,toast.poolLocked,ההימור נעול,Pool locked
Toasts / Messages,toast.poolUnlocked,ההימור נפתח,Pool unlocked
Toasts / Messages,toast.loadError,שגיאה בטעינה,Failed to load
Confirmations,confirm.leave,להתנתק מההימור?,Leave the pool?
Confirmations,confirm.leaveDesc,תוכל לחזור בעזרת קוד השחזור.,You can return with your recovery code.
Confirmations,confirm.alreadyInPool,אתה כבר בהימור אחר,You\'re already in another pool
Confirmations,confirm.alreadyInPoolDesc,"כדי להצטרף ל-{name}, עליך להתנתק קודם מההימור הנוכחי.","To join {name}, you must leave your current pool first."
Dates / Time,date.today,היום,Today
Dates / Time,date.tomorrow,מחר,Tomorrow
Dates / Time,date.yesterday,אתמול,Yesterday
Country Names,country.ARG,ארגנטינה,Argentina
Country Names,country.BRA,ברזיל,Brazil
Country Names,country.FRA,צרפת,France
Country Names,country.ENG,אנגליה,England
Country Names,country.ESP,ספרד,Spain
Country Names,country.POR,פורטוגל,Portugal
Country Names,country.NED,הולנד,Netherlands
Country Names,country.GER,גרמניה,Germany
Country Names,country.BEL,בלגיה,Belgium
Country Names,country.CRO,קרואטיה,Croatia
Country Names,country.URU,אורוגוואי,Uruguay
Country Names,country.USA,"ארה""ב",USA
Country Names,country.MEX,מקסיקו,Mexico
Country Names,country.SUI,שוויץ,Switzerland
Country Names,country.AUT,אוסטריה,Austria
Country Names,country.SWE,שבדיה,Sweden
Country Names,country.SEN,סנגל,Senegal
Country Names,country.MAR,מרוקו,Morocco
Country Names,country.JPN,יפן,Japan
Country Names,country.KOR,דרום קוריאה,South Korea
Country Names,country.AUS,אוסטרליה,Australia
Country Names,country.CAN,קנדה,Canada
Country Names,country.UKR,אוקראינה,Ukraine
Country Names,country.TUR,טורקיה,Turkey
Country Names,country.NOR,נורווגיה,Norway
Country Names,country.IRN,איראן,Iran
Country Names,country.TUN,תוניסיה,Tunisia
Country Names,country.EGY,מצרים,Egypt
Country Names,country.CMR,קמרון,Cameroon
Country Names,country.GHA,גאנה,Ghana
Country Names,country.PAN,פנמה,Panama
Country Names,country.JAM,ג\'מייקה,Jamaica
Country Names,country.PAR,פרגוואי,Paraguay
Country Names,country.NZL,ניו זילנד,New Zealand
Country Names,country.UZB,אוזבקיסטן,Uzbekistan
Country Names,country.IRQ,עיראק,Iraq
Country Names,country.SAU,סעודיה,Saudi Arabia
Country Names,country.JOR,ירדן,Jordan
Country Names,country.RSA,דרום אפריקה,South Africa
Country Names,country.ALG,אלג\'יריה,Algeria
Country Names,country.CZE,צ\'כיה,Czechia
Country Names,country.HAI,האיטי,Haiti
Country Names,country.BIH,בוסניה,Bosnia
Country Names,country.CPV,כף ורדה,Cape Verde
Country Names,country.COD,קונגו,DR Congo
Country Names,country.CIV,חוף השנהב,Ivory Coast
Country Names,country.QAT,קטאר,Qatar
Country Names,country.SCO,סקוטלנד,Scotland
Country Names,country.CUR,קוראסאו,Curaçao
Extended common,common.tournament,טורניר,Tournament
Extended common,common.tournamentName,מונדיאל 2026,World Cup 2026
Extended common,common.status,סטטוס,Status
Extended common,common.matches,משחקים,matches
Extended common,common.members,חברים,members
Extended common,common.minutes,דקות,minutes
Extended common,common.hours,שעות,hours
Extended common,common.justNow,הרגע,just now
Extended common,common.refresh,רענן,Refresh
Extended common,common.zoom,הגדל,Zoom
Extended common,common.invite,הזמן,Invite
Extended common,common.saveExit,שמור וצא,Save & exit
Extended common,common.simulator,סימולטור,Simulator
Extended common,common.processing,מעבד...,Processing...
PWA install banner,pwa.title,התקן את האפליקציה,Install the app
PWA install banner,pwa.text,"גישה מהירה מהמסך הראשי, ללא דפדפן","Quick access from home screen, no browser"
PWA install banner,pwa.install,התקן,Install
PWA install banner,pwa.installed,🎉 האפליקציה הותקנה!,🎉 App installed!
PWA install banner,pwa.installing,🎉 מתקין...,🎉 Installing...
PWA install banner,pwa.iosInstructions,"להתקנת האפליקציה ב-iPhone/iPad:\n\n1. לחץ על כפתור השיתוף ⎙ למטה\n2. גלול ובחר ""הוסף למסך הבית""\n3. לחץ ""הוסף""\n\nהאפליקציה תופיע במסך הבית כמו אפליקציה רגילה!","To install on iPhone/iPad:\n\n1. Tap the share button ⎙ below\n2. Scroll and choose ""Add to Home Screen""\n3. Tap ""Add""\n\nThe app will appear on your home screen like a normal app!"
PWA install banner,pwa.desktopInstructions,"להתקנת האפליקציה:\n\n• Chrome/Edge: יופיע כפתור ""התקן"" בשורת הכתובת\n• Firefox: לחץ על שלוש הנקודות → ""התקן""\n• או הוסף לסימניות","To install the app:\n\n• Chrome/Edge: An ""Install"" button appears in the address bar\n• Firefox: Tap the three dots → ""Install""\n• Or add to bookmarks"
PWA install banner,pwa.updateAvailable,🔄 גרסה חדשה זמינה,🔄 New version available
PWA install banner,pwa.update,עדכן,Update
PWA install banner,pwa.online,🌐 מחובר לאינטרנט,🌐 Back online
PWA install banner,pwa.offline,אין חיבור לאינטרנט - חלק מהפיצ\'רים מוגבלים,No internet — some features are limited
Pool found screen,poolFound.title,פרטי ההימור,Pool details
Pool found screen,poolFound.membersValue,{n} חברים,{n} members
Pool found screen,poolFound.statusOpen,פתוח להצטרפות,Open to join
Pool found screen,poolFound.statusGroupLocked,שלב הבתים סגור,Group stage closed
Pool found screen,poolFound.statusKnockout,בשלב הנוקאאוט,In knockout stage
Pool found screen,poolFound.statusFinished,הסתיים,Finished
Nickname screen,nickname.step,שלב 1 מתוך 2,Step 1 of 2
Nickname screen,nickname.title,איך נקרא לך?,What should we call you?
Nickname screen,nickname.subtitle,הכינוי יוצג בלוח הדירוגים,Your nickname appears on the leaderboard
Nickname screen,nickname.placeholder,לדוגמה: דני,e.g. Danny
Nickname screen,nickname.checking,בודק זמינות...,Checking availability...
Nickname screen,nickname.taken,"הכינוי תפוס, נסה אחר","Nickname taken, try another"
Nickname screen,nickname.available,הכינוי פנוי!,Nickname available!
Nickname screen,nickname.errorRequired,נא להזין כינוי,Please enter a nickname
Nickname screen,nickname.errorMin,הכינוי חייב להיות לפחות {n} תווים,Nickname must be at least {n} characters
Nickname screen,nickname.errorMax,הכינוי לא יכול לחרוג מ-{n} תווים,Nickname must be at most {n} characters
Nickname screen,nickname.errorTaken,הכינוי כבר תפוס בהימור הזה,Nickname already taken in this pool
Recovery code creation,recoveryCode.step,שלב 2 מתוך 2,Step 2 of 2
Recovery code creation,recoveryCode.sendSelf,שלח לעצמי,Send to myself
Recovery code creation,recoveryCode.warningTitle,חשוב!,Important!
Recovery code creation,recoveryCode.warningText,ללא הקוד הזה לא תוכל להתחבר חזרה. שמור אותו במקום בטוח.,Without this code you cannot log back in. Keep it safe.
Recovery code creation,recoveryCode.saved,"שמרתי, המשך","Saved, continue"
Recovery code creation,recoveryCode.shareText,🔑 קוד השחזור שלי ל-{poolName}:\n\n{code}\n\n⚠️ שמור הודעה זו - תזדקק לקוד אם תרצה להתחבר מחדש!\n\n{url},🔑 My recovery code for {poolName}:\n\n{code}\n\n⚠️ Keep this message — you\'ll need the code to log back in!\n\n{url}
Recovery code creation,recoveryCode.copiedSave,קוד השחזור הועתק! שמור אותו במקום בטוח,Recovery code copied! Keep it safe
Recovery code creation,recoveryCode.copied,קוד השחזור הועתק!,Recovery code copied!
Create pool,createPool.step1,שלב 1 מתוך 3,Step 1 of 3
Create pool,createPool.title1,איך נקרא להימור?,What should we call the pool?
Create pool,createPool.subtitle1,השם שיוצג לכל המשתתפים,The name everyone will see
Create pool,createPool.placeholder,לדוגמה: חברים מהעבודה,e.g. Coworkers
Create pool,createPool.suggestions,הצעות מהירות:,Quick suggestions:
Create pool,createPool.suggestion1,חברים מהעבודה,Work friends
Create pool,createPool.suggestion2,המשפחה,Family
Create pool,createPool.suggestion3,חברים מהצבא,College buddies
Create pool,createPool.suggestion4,השכונה,The squad
Create pool,createPool.suggestion5,התיכון,Old school
Create pool,createPool.suggestion6,מילואים,Neighbors
Create pool,createPool.suggestion7,קבוצת הוואטסאפ,The group chat
Create pool,createPool.suggestion8,האוניברסיטה,Roommates
Create pool,createPool.errorRequired,נא להזין שם להימור,Please enter a pool name
Create pool,createPool.errorMin,השם חייב להיות לפחות {n} תווים,Name must be at least {n} characters
Admin nickname,adminNickname.step,שלב 2 מתוך 3,Step 2 of 3
Admin nickname,adminNickname.subtitle,הכינוי שלך כמארגן וגם כמשתתף,Your nickname — as admin AND member
Admin nickname,adminNickname.placeholder,לדוגמה: יוסי,e.g. John
Admin nickname,adminNickname.permTitle,הרשאות המארגן,Admin permissions
Admin nickname,adminNickname.perm1,ניהול חברי ההימור,Manage pool members
Admin nickname,adminNickname.permRules,קביעת חוקי ההימור,Set the betting rules
Admin nickname,adminNickname.perm2,אישור משתמשים חדשים,Approve new users
Admin nickname,adminNickname.perm3,שחזור קודים אבודים,Recover lost codes
Admin nickname,adminNickname.perm4,צפייה בכל ההימורים,View all predictions
Admin nickname,adminNickname.perm5,אתה גם משתתף בהימור,You also participate in the pool
Admin nickname,adminNickname.errorRequired,נא להזין את הכינוי שלך,Please enter your nickname
Admin nickname,adminNickname.createBtn,צור הימור,Create pool
Share pool,sharePool.created,ההימור נוצר!,Pool created!
Share pool,sharePool.awesome,מעולה!,Awesome!
Share pool,sharePool.subtitle,ההימור נוצר בהצלחה,Pool created successfully
Share pool,sharePool.promptTitle,ההימור נוצר עם חוקי ברירת מחדל,Pool created with Golazo rules (default)
Share pool,sharePool.promptSubtitle,תוכל לערוך את כל החוקים לפני שמישהו מצטרף,You can edit all rules before anyone joins
Share pool,sharePool.editSettings,ערוך הגדרות,Edit settings
Share pool,sharePool.divider,או פשוט שתף ותתחיל לשחק,Or just share and start playing
Share pool,sharePool.whatsapp,שתף ב-WhatsApp,Share on WhatsApp
Share pool,sharePool.telegram,שתף ב-Telegram,Share on Telegram
Share pool,sharePool.copyLink,העתק קישור,Copy link
Share pool,sharePool.toDashboard,לדשבורד שלי,To my dashboard
Share pool,sharePool.welcomeToast,ברוך הבא ל-{name}!,Welcome to {name}!
Share pool,sharePool.adminCodeAlert,🔑 קוד השחזור שלך כמארגן:\n\n{code}\n\nשמור אותו במקום בטוח! בלעדיו לא תוכל להתחבר חזרה.,🔑 Your admin recovery code:\n\n{code}\n\nKeep it safe! Without it you cannot log back in.
Share pool,sharePool.shareText,"הוזמנת להצטרף להימור ""{poolName}"" 🏆\n\nבואו ננחש ביחד את מונדיאל 2026 — חינם לגמרי, בלי פרסומות, בלי מגבלות. .\n\nקוד הצטרפות: {code}\n👉 {url}\n\n⚽ FriendlyBet — הימור חברים על מונדיאל 2026","You\'ve been invited to the ""{poolName}"" pool 🏆\n\nLet\'s predict World Cup 2026 together — totally free, just bragging rights on the line.\n\nJoin code: {code}\n👉 {url}\n\n⚽ FriendlyBet — World Cup Predictions with Friends"
Pool settings,poolSettings.lockedTitle,החוקים נעולים,Rules locked
Pool settings,poolSettings.lockedText,משתתפים כבר הצטרפו - לא ניתן לשנות חוקים,Members already joined — rules cannot be changed
Pool settings,poolSettings.poolInfo,פרטי ההימור,Pool info
Pool settings,poolSettings.bettingMode,שיטת ההימור,Betting mode
Pool settings,poolSettings.bettingModeLabel,מצב,Mode
Pool settings,poolSettings.bettingModeHelp,"הימור חד-שלבי: בתים + נוקאאוט + מלך שערים, הכל לפני תחילת הטורניר.","Single-phase: groups + knockout + top scorer, all picked before the tournament starts."
Pool settings,poolSettings.scoringReadOnly,חוקי הניקוד נקבעו ביצירת ההימור ולא ניתנים לשינוי.,Scoring rules are locked at pool creation and cannot be changed.
Pool settings,poolSettings.poolName,שם ההימור,Pool name
Pool settings,poolSettings.poolCode,קוד ההימור,Pool code
Pool settings,poolSettings.poolMembers,משתתפים,Members
Pool settings,poolSettings.format,מבנה ההימור,Pool format
Pool settings,poolSettings.stages,מספר שלבי הימור,Number of stages
Pool settings,poolSettings.stages2,2 שלבים,2 stages
Pool settings,poolSettings.stages6,6 שלבים,6 stages
Pool settings,poolSettings.help2,2 שלבים: בתים + נוקאאוט,2 stages: Groups + Knockout
Pool settings,poolSettings.help6,6 שלבים: בתים + R32 + R16 + רבע + חצי + גמר,6 stages: Groups + R32 + R16 + QF + SF + Final
Pool settings,poolSettings.groupBetting,איך מהמרים על בתים,Group betting style
Pool settings,poolSettings.pickAdvancing,בחירת עולות,Pick advancing
Pool settings,poolSettings.fullRanking,דירוג 1-4,Rank 1-4
Pool settings,poolSettings.helpPickAdvancing,בחירת 2-3 קבוצות שיעלו מכל בית,Pick 2-3 teams to advance from each group
Pool settings,poolSettings.helpFullRanking,דירוג מלא של כל הקבוצות בבית,Full ranking of all teams in the group
Pool settings,poolSettings.multipliers,מכפילי סיכון,Risk multipliers
Pool settings,poolSettings.multipliersActive,מכפילים פעילים,Multipliers active
Pool settings,poolSettings.multipliersHelp,מי שמסתכן יותר — מרוויח יותר 🎲,Risk more — earn more 🎲
Pool settings,poolSettings.multFav,פייבוריטית,Favorite
Pool settings,poolSettings.multCont,מתמודדת,Contender
Pool settings,poolSettings.multUnd,אנדרדוג,Underdog
Pool settings,poolSettings.scoring,ניקוד לכל שלב,Points per stage
Pool settings,poolSettings.scoreGroupStage,שלב הבתים,Group stage
Pool settings,poolSettings.scoreR32,סבב 32,Round of 32
Pool settings,poolSettings.scoreR16,שמינית גמר,Round of 16
Pool settings,poolSettings.scoreQF,רבע גמר,Quarter-Finals
Pool settings,poolSettings.scoreSF,חצי גמר,Semi-Finals
Pool settings,poolSettings.scoreFinal,גמר,Final
Pool settings,poolSettings.resetGolazo,איפוס לחוקי ברירת מחדל,Reset to Golazo rules
Pool settings,poolSettings.topScorer,מלך השערים,Top Scorer
Pool settings,poolSettings.topScorerActive,פעיל,Active
Pool settings,poolSettings.bonusPoints,בונוס נקודות,Bonus points
Pool settings,poolSettings.members,משתתפים,Members
Pool settings,poolSettings.limitMembers,הגבלת משתתפים,Limit members
Pool settings,poolSettings.maxMembers,מקסימום משתתפים,Max members
Pool settings,poolSettings.approveBefore,אישור משתמשים לפני הימור,Approve users before betting
Pool settings,poolSettings.approveBeforeHelp,הגנה מבוטים - תאשר כל משתתף ידנית לפני שיוכל להמר,Anti-bot protection — approve each member manually before they can bet
Pool settings,poolSettings.saveBtn,שמור הגדרות,Save settings
Pool settings,poolSettings.dangerZone,אזור מסוכן,Danger zone
Pool settings,poolSettings.deletePool,מחק את ההימור,Delete pool
Pool settings,poolSettings.deleteHelp,מחיקה היא פעולה לא הפיכה. כל הנתונים יימחקו לצמיתות.,Deletion is irreversible. All data will be lost forever.
Pool settings,poolSettings.savingToast,שומר הגדרות...,Saving settings...
Pool settings,poolSettings.savedToast,ההגדרות נשמרו בהצלחה! ✅,Settings saved! ✅
Pool settings,poolSettings.saveError,שגיאה בשמירה: {msg},Save failed: {msg}
Pool settings,poolSettings.poolNameShort,שם ההימור קצר מדי,Pool name too short
Pool settings,poolSettings.notAdmin,רק המארגן יכול לערוך הגדרות,Only the admin can edit settings
Pool settings,poolSettings.loadError,שגיאה בטעינת ההגדרות,Failed to load settings
Pool settings,poolSettings.notFound,לא נמצא הימור,Pool not found
Pool settings,poolSettings.resetToast,הוחזר לחוקים המקוריים,Reset to original Golazo rules
Pool settings,poolSettings.bonusToast,בונוס מלך השערים: {n} נקודות,Top scorer bonus: {n} points
Pool settings,poolSettings.deleteWarning,"⚠️ אזהרה!\n\nאתה עומד למחוק את ההימור ""{name}"".\n\nכל הנתונים, ההימורים והניקוד יימחקו לצמיתות.\n\nפעולה זו לא ניתנת לביטול.\n\nהאם להמשיך?","⚠️ Warning!\n\nYou are about to delete the pool ""{name}"".\n\nAll data, predictions and scores will be permanently lost.\n\nThis cannot be undone.\n\nContinue?"
Pool settings,poolSettings.deletePrompt,"כדי לאשר, הקלד את שם ההימור:\n""{name}""","To confirm, type the pool name:\n""{name}"""
Pool settings,poolSettings.deleteCancelled,המחיקה בוטלה,Deletion cancelled
Pool settings,poolSettings.deleteError,שגיאה במחיקה: {msg},Deletion failed: {msg}
Pool settings,poolSettings.deletedToast,ההימור נמחק,Pool deleted
Pool settings,poolSettings.leaveConfirm,האם להתנתק מההימור?\n\nהקוד שלך עדיין יעבוד - תוכל להתחבר שוב עם קוד השחזור.,Leave the pool?\n\nYour code still works — you can log back in with the recovery code.
Pool settings,poolSettings.leftToast,התנתקת מההימור,You left the pool
Group betting,groups.titleGroup,בית {letter},Group {letter}
Group betting,groups.stepProgress,בית {current} מתוך {total},Group {current} of {total}
Group betting,groups.totalPicks,סך הכל הימרת על,Total picks
Group betting,groups.questionHeader,על מי תהמר בבית,Who advances from group
Group betting,groups.subtitleInline,בחר 2 או 3 קבוצות שיעלו לשלב הבא,Pick 2 or 3 teams to advance
Group betting,groups.quickJump,קפיצה מהירה לבית,Quick jump to group
Group betting,groups.prevGroup,בית {letter},Group {letter}
Group betting,groups.nextGroup,בית {letter},Group {letter}
Group betting,groups.tierFavorite,⭐ פייבוריטית ×1,⭐ Favorite ×1
Group betting,groups.tierContender,⚔️ מתמודדת ×1.5,⚔️ Contender ×1.5
Group betting,groups.tierUnderdog,🐶 אנדרדוג ×2,🐶 Underdog ×2
Group betting,groups.pointsForPosition,#{pos}: {pts} נק׳,#{pos}: {pts} pts
Group betting,groups.multStartsKO,מכפילי הסיכון מתחילים להשפיע משלב הנוקאאוט,Risk multipliers kick in from the knockout stage
Group betting,groups.pointsPerAdvancingTeam,כל קבוצה שעולה: {pts} נק׳ × מכפיל הסיכון שלה,Each advancing team: {pts} pts × its risk multiplier
Group betting,groups.tooltipAdvanced,הקבוצה עלתה!,Team advanced!
Group betting,groups.tooltipEliminated,הקבוצה הודחה,Team eliminated
Group betting,groups.maxReachedToast,כבר בחרת 3 קבוצות. הסר אחת לפני שתוסיף עוד,Already picked 3 teams. Remove one before adding another
Group betting,groups.pickSubtitleDefault,בחר 2 או 3 קבוצות מהבית הזה,Pick 2 or 3 teams from this group
Group betting,groups.pickOneOnly,⚠️ בחרת רק קבוצה אחת - צריך 2 או 3,⚠️ You picked only 1 — need 2 or 3
Group betting,groups.pickedTwo,✓ בחרת 2 קבוצות בבית הזה,✓ Picked 2 teams in this group
Group betting,groups.pickedThree,✓ בחרת 3 קבוצות בבית הזה,✓ Picked 3 teams in this group
Group betting,groups.validationRemaining,נשאר עוד {n} קבוצות לבחור,{n} more teams to pick
Group betting,groups.validationDone,🎉 הושלם! 32 קבוצות נבחרו,🎉 Done! 32 teams picked
Group betting,groups.validationProblem,בעיה: לפחות בית אחד עם 0 או 1 קבוצות בלבד,Issue: at least one group has 0 or 1 picks
Group betting,groups.validationTooMany,יותר מדי! {n} קבוצות מעל המקסימום,Too many! {n} over the max
Group betting,groups.needMore,בחר עוד {n} קבוצ{plural} כדי להמשיך,Pick {n} more team{plural} to continue
Group betting,groups.mustPickTwo,חייב לבחור לפחות 2 קבוצות בבית {letter} כדי להמשיך,You must pick at least 2 teams in group {letter} to continue
Group betting,groups.saveError,שגיאה בשמירת ההימור,Failed to save predictions
Group betting,groups.savedOk,ההימור נשמר ✓,Saved ✓
Group betting,groups.exitConfirm,יש לך {n} הימורים שמורים. צא מבלי לסיים?,You have {n} saved picks. Exit without finishing?
Group betting,groups.exactly32,צריך בדיוק 32 קבוצות (יש {n}),Need exactly 32 teams (you have {n})
Group betting,groups.eachGroup2or3,בכל בית חייבים להיות 2 או 3 קבוצות,Each group must have 2 or 3 teams
Group betting,groups.savingToast,שומר הימור...,Saving predictions...
Group betting,groups.loadingTeams,טוען את הקבוצות...,Loading teams...
Group betting,groups.teamsSyncing,הקבוצות עדיין בסנכרון - נסה שוב בעוד מספר דקות,Teams still syncing — try again in a few minutes
Betting complete,complete.title,כל הכבוד!,Great job!
Betting complete,complete.subtitle,השלמת את ההימור על שלב הבתים,You completed group-stage predictions
Betting complete,complete.teamsPicked,קבוצות שבחרת,Teams picked
Betting complete,complete.maxPoints,סיכוי לניקוד מקסימלי,Max possible score
Betting complete,complete.info,ההימור נשמר. תוכל לערוך אותו עד לפני המשחק הראשון,Saved. You can edit until the first match
Betting complete,complete.toDashboard,לדשבורד שלי,Go to dashboard
Betting complete,complete.review,סקור את ההימורים שלי,Review my picks
Knockout extras,knockoutEx.r32Short,סבב 32,R32
Knockout extras,knockoutEx.r16Short,שמינית,R16
Knockout extras,knockoutEx.qfShort,רבע,QF
Knockout extras,knockoutEx.sfShort,חצי,SF
Knockout extras,knockoutEx.finalShort,גמר,Final
Knockout extras,knockoutEx.r32Full,סבב 32,Round of 32
Knockout extras,knockoutEx.r16Full,שמינית הגמר,Round of 16
Knockout extras,knockoutEx.qfFull,רבע הגמר,Quarter-Finals
Knockout extras,knockoutEx.sfFull,חצי הגמר,Semi-Finals
Knockout extras,knockoutEx.finalFull,הגמר,Final
Knockout extras,knockoutEx.pointsPerPick,{n} נקודות לכל ניחוש נכון,{n} points per correct pick
Knockout extras,knockoutEx.totalPicks,"סה""כ הימרת על",Total picks
Knockout extras,knockoutEx.emptyTitle,הסבב הזה ייפתח בהמשך,This round opens later
Knockout extras,knockoutEx.emptyText,קודם השלם את הסבבים הקודמים,Complete earlier rounds first
Knockout extras,knockoutEx.finishBtn,סיים את הימור הנוקאאוט,Finish knockout
Knockout extras,knockoutEx.bracketView,תצוגת ההגרלה,Bracket view
Knockout extras,knockoutEx.matchNum,משחק {n},Match {n}
Knockout extras,knockoutEx.finalLabel,הגמר 🏆,Final 🏆
Knockout extras,knockoutEx.winnerLine,המנצח: <strong>אלוף המונדיאל!</strong>,Winner: <strong>World Cup champion!</strong>
Knockout extras,knockoutEx.correctLine,ניחשת נכון! +{n} נק\',Correct! +{n} pts
Knockout extras,knockoutEx.wonLine,{name} ניצח,{name} won
Knockout extras,knockoutEx.opponent,היריב,opponent
Knockout extras,knockoutEx.equalizer,משווה,matches
Knockout extras,knockoutEx.pointsValue,{n} נק\',{n} pts
Knockout extras,knockoutEx.ifCorrect,אם תנחש נכון,if you pick correctly
Knockout extras,knockoutEx.tbdTeam,להיקבע,TBD
Knockout extras,knockoutEx.savedOk,הימור הנוקאאוט נשמר ✓,Knockout picks saved ✓
Knockout extras,knockoutEx.completed,הימור הנוקאאוט הושלם! 🏆,Knockout predictions complete! 🏆
Knockout extras,knockoutEx.needGroups,צריך לסיים קודם את שלב הבתים (32 קבוצות),Finish the group stage first (32 teams)
Knockout extras,knockoutEx.loadingKO,טוען את שלב הנוקאאוט...,Loading knockout stage...
Knockout extras,knockoutEx.loadError,שגיאה בטעינת הקבוצות,Failed to load teams
Knockout extras,knockoutEx.matchesProgress,{n}/31 משחקים,{n}/31 matches
Bracket view,bracketView.title,עץ ההגרלה,Bracket
Bracket view,bracketView.full,תצוגה מלאה,Full view
Bracket view,bracketView.leftSide,חצי שמאל,Left half
Bracket view,bracketView.rightSide,חצי ימין,Right half
Bracket view,bracketView.scrollHint,↔ גלול הצידה כדי לראות את שני הצדדים,↔ Scroll sideways to see both halves
Bracket view,bracketView.hint,גרור עם האצבע כדי לראות את כל הסבבים,Swipe to see all rounds
Bracket view,bracketView.r32,R32,R32
Bracket view,bracketView.r16,שמינית,R16
Bracket view,bracketView.qf,רבע,QF
Bracket view,bracketView.sf,חצי,SF
Bracket view,bracketView.final,🏆 גמר,🏆 Final
Bracket view,bracketView.championLabel,🏆 אלוף 🏆,🏆 Champion 🏆
Bracket view,bracketView.tbd,להיקבע,TBD
Simulator,simulatorEx.titleFull,סימולטור הסיכון,Risk Simulator
Simulator,simulatorEx.subtitle,ניתוח אסטרטגיית ההימור שלך,Your strategy analysis
Simulator,simulatorEx.expectedScore,ניקוד צפוי,Expected score
Simulator,simulatorEx.avgProjection,צפי ממוצע,Average projection
Simulator,simulatorEx.maxPossible,מקסימום אפשרי,Max possible
Simulator,simulatorEx.riskLevel,רמת סיכון,Risk level
Simulator,simulatorEx.riskSafe,🛡️ בטוח,🛡️ Safe
Simulator,simulatorEx.riskBalanced,⚡ מאוזן,⚡ Balanced
Simulator,simulatorEx.riskRisky,🎲 מסוכן,🎲 Risky
Simulator,simulatorEx.riskDefault,בחר משחקים כדי לראות ניתוח,Pick matches to see analysis
Simulator,simulatorEx.byStage,פירוט לפי שלב,Breakdown by stage
Simulator,simulatorEx.recommendDefault,בחר משחקים בנוקאאוט כדי לקבל המלצות,Pick knockout matches to get recommendations
Simulator,simulatorEx.riskDescSafe,🛡️ אסטרטגיה בטוחה - אתה מהמר על הפייבוריטיות,🛡️ Safe strategy — picking the favorites
Simulator,simulatorEx.riskDescBalanced,⚡ אסטרטגיה מאוזנת - שילוב של בטוח ויצירתי,⚡ Balanced strategy — mix of safe and creative
Simulator,simulatorEx.riskDescRisky,🎲 אסטרטגיה אגרסיבית - הרבה הימורים מסוכנים,🎲 Aggressive strategy — lots of risky bets
Simulator,simulatorEx.riskDescVery,🔥 אסטרטגיה ספורטיבית - הולך על הכל!,🔥 All-in strategy — going for it!
Simulator,simulatorEx.recEarly,התחל לבחור משחקים והסימולטור ינתח את האסטרטגיה שלך,Start picking matches and the simulator will analyze your strategy
Simulator,simulatorEx.recContinue,המשך לבחור כדי לראות תמונה מלאה של הסיכויים שלך,Keep picking to see your full odds
Simulator,simulatorEx.recTooSafe,"אסטרטגיה בטוחה תיתן צפי ניקוד יציב, אבל קשה לעקוף יריבים שיסתכנו ויצליחו. נסה להוסיף 1-2 הימורים נועזים יותר.",Safe strategies give steady scores but are hard to win with. Try 1-2 bolder picks.
Simulator,simulatorEx.recTooRisky,"אסטרטגיה מסוכנת מאוד! פוטנציאל ענק לניקוד גבוה, אבל סיכוי גבוה לטעויות. שקול לחזור לבטוח ב-1-2 שלבים מאוחרים.",Very risky! Huge upside but high chance of mistakes. Consider safer picks in later rounds.
Simulator,simulatorEx.recBalanced,איזון מצוין! יש לך פוטנציאל לניקוד גבוה עם סיכון מתון. זאת אסטרטגיה חכמה.,Excellent balance! High potential with moderate risk. Smart strategy.
Matches extras,matchesEx.filterUpcoming,קרובים,Upcoming
Matches extras,matchesEx.filterFinished,הסתיימו,Finished
Matches extras,matchesEx.filterLive,🔴 חי,🔴 Live
Matches extras,matchesEx.live,משחק חי,Live
Matches extras,matchesEx.finished,הסתיים,Final
Matches extras,matchesEx.halftime,מחצית,Half-time
Matches extras,matchesEx.lastUpdated,עודכן: {time},Updated: {time}
Matches extras,matchesEx.notSynced,עוד לא סונכרן,Not synced yet
Matches extras,matchesEx.emptyTitle,המשחקים עוד לא פורסמו,Matches not yet published
Matches extras,matchesEx.emptyText,"לוח המשחקים יתעדכן ברגע שפיפ""א תפרסם את ה-Draw הרשמי",Schedule will update once FIFA publishes the official Draw
Matches extras,matchesEx.loadingMatches,טוען משחקים...,Loading matches...
Matches extras,matchesEx.noInCategory,אין משחקים בקטגוריה הזאת,No matches in this category
Matches extras,matchesEx.dateUnknown,תאריך לא ידוע,Date unknown
Matches extras,matchesEx.past,עבר,past
Matches extras,matchesEx.inMinutes,בעוד {n} דקות,in {n} minutes
Matches extras,matchesEx.inHours,בעוד {n} שעות,in {n} hours
Matches extras,matchesEx.inDays,בעוד {n} ימים,in {n} days
Matches extras,matchesEx.minutesAgo,לפני {n} דקות,{n} minutes ago
Matches extras,matchesEx.hoursAgo,לפני {n} שעות,{n} hours ago
Matches extras,matchesEx.daysAgo,לפני {n} ימים,{n} days ago
Matches extras,matchesEx.syncing,מסנכרן משחקים...,Syncing matches...
Matches extras,matchesEx.synced,עודכן ✓,Updated ✓
Matches extras,matchesEx.loadError,שגיאה בטעינת המשחקים,Failed to load matches
Matches extras,matchesEx.stageGroup,בית {letter},Group {letter}
Matches extras,matchesEx.stageR16,שמינית הגמר,Round of 16
Matches extras,matchesEx.stageQF,רבע הגמר,Quarter-Finals
Matches extras,matchesEx.stageSF,חצי הגמר,Semi-Finals
Matches extras,matchesEx.stageFinal,🏆 הגמר,🏆 Final
Matches extras,matchesEx.stageThird,מקום 3,3rd place
Admin members,adminMembersEx.lockedTitle,ההימור נעול,Pool locked
Admin members,adminMembersEx.lockedText,אין אפשרות להצטרף עם קוד ההזמנה,No new members can join with the invite code
Admin members,adminMembersEx.unlockBtn,בטל נעילה,Unlock
Admin members,adminMembersEx.openTitle,ההימור פתוח להצטרפות,Pool open to join
Admin members,adminMembersEx.openText,חברים חדשים יכולים להצטרף עם קוד ההזמנה,Members can join with the invite code
Admin members,adminMembersEx.lockBtn,נעל,Lock
Admin members,adminMembersEx.notAdmin,🚫 רק המארגן יכול לגשת לאזור הזה,🚫 Only the admin can access this area
Admin members,adminMembersEx.notAdminAction,🚫 רק המארגן יכול לעשות זאת,🚫 Only the admin can do that
Admin members,adminMembersEx.pendingCount,"יש <span id=""admin-pending-count"">{n}</span> חברים שממתינים לאישור","<span id=""admin-pending-count"">{n}</span> members pending approval"
Admin members,adminMembersEx.pendingSubtitle,הם יכולים לשחק - אבל מומלץ לאשר/להסיר אותם,They can play — but it\'s recommended to approve/remove them
Admin members,adminMembersEx.members,חברים,Members
Admin members,adminMembersEx.pickedGroups,בחרו בתים,Picked groups
Admin members,adminMembersEx.pickedKO,בחרו נוקאאוט,Picked knockout
Admin members,adminMembersEx.adminBadge,מארגן ✓,Admin ✓
Admin members,adminMembersEx.pendingBadge,⏳ ממתין לאישור,⏳ Pending approval
Admin members,adminMembersEx.approve,אשר,Approve
Admin members,adminMembersEx.remove,הסר,Remove
Admin members,adminMembersEx.groupsPicks,בתים: {n} {check},Groups: {n} {check}
Admin members,adminMembersEx.koPicks,נוקאאוט: {n}/16 {check},Knockout: {n}/16 {check}
Admin members,adminMembersEx.approvedToast,✓ {name} אושר,✓ {name} approved
Admin members,adminMembersEx.approveError,שגיאה באישור,Approval failed
Admin members,adminMembersEx.confirmRemoveAll,להסיר את {name} מההימור?\n\nכל ההימורים שלו יימחקו.\nהפעולה לא ניתנת לביטול.,Remove {name} from the pool?\n\nAll their picks will be deleted.\nThis cannot be undone.
Admin members,adminMembersEx.removedToast,{name} הוסר,{name} removed
Admin members,adminMembersEx.removeError,שגיאה בהסרה,Removal failed
Admin members,adminMembersEx.confirmAction,האם אתה בטוח שברצונך {action} את ההימור?,Are you sure you want to {action} the pool?
Admin members,adminMembersEx.actionLock,לנעול,lock
Admin members,adminMembersEx.actionUnlock,לפתוח,unlock
Admin members,adminMembersEx.poolLocked,🔒 ההימור ננעל,🔒 Pool locked
Admin members,adminMembersEx.poolUnlocked,🔓 ההימור נפתח,🔓 Pool unlocked
Admin members,adminMembersEx.toggleError,שגיאה בעדכון מצב ההימור,Failed to update pool state
Admin members,adminMembersEx.loadError,שגיאה בטעינת חברים,Failed to load members
Admin members,adminMembersEx.memberJoinedMeta,הצטרף ב-{date} · {g} בתים · {k} נוקאאוט,Joined {date} · {g} groups · {k} knockout
Admin members,adminMembersEx.confirmNewCode,האם ליצור קוד שחזור חדש עבור {name}?\n\nהקוד הישן יבוטל מיד. תצטרך לשלוח לו את הקוד החדש בעצמך.,Generate a new recovery code for {name}?\n\nThe old code is revoked immediately. You\'ll have to send the new code yourself.
Admin members,adminMembersEx.newCodeMsg,"✅ קוד שחזור חדש נוצר עבור {name}:\n\n{code}\n\n📋 הקוד יועתק ללוח שלך כשתלחץ ""אישור"".\nשלח אותו ל-{name} בהודעה פרטית.\n\n⚠️ הקוד הישן בוטל ולא יעבוד יותר.",✅ New recovery code for {name}:\n\n{code}\n\n📋 The code will be copied to your clipboard when you tap OK.\nSend it to {name} privately.\n\n⚠️ The old code is revoked and will no longer work.
Admin members,adminMembersEx.newCodeError,שגיאה ביצירת קוד,Failed to generate code
Admin members,adminMembersEx.newCodeCopied,🔑 קוד חדש נוצר והועתק,🔑 New code generated and copied
Admin members,adminShareCode.title,קוד שחזור חדש מוכן,New recovery code ready
Admin members,adminShareCode.subtitle,"שלח את הקוד ל-{name} ב-WhatsApp או Telegram, או העתק את הקישור הישיר","Send the code to {name} on WhatsApp or Telegram, or copy the direct link"
Admin members,adminShareCode.codeLabel,הקוד החדש,New code
Admin members,adminShareCode.message,"היי {name}! הקוד שלך להימור ""{pool}"" עודכן. קוד שחזור: {code}\nאו פשוט פתח את הקישור: {link}","Hey {name}! Your access code for ""{pool}"" was reset. Recovery code: {code}\nOr just open this link: {link}"
Admin members,adminShareCode.linkCopied,✓ הקישור הועתק,✓ Link copied
Admin members,adminMembersEx.confirmDeleteFull,"⚠️ האם אתה בטוח שברצונך להסיר את {name} מההימור?\n\nפעולה זו תמחק:\n- כל ההימורים שלו ({g} בתים, {k} נוקאאוט)\n- את החשבון שלו לחלוטין\n\nהפעולה לא ניתנת לביטול.","⚠️ Are you sure you want to remove {name} from the pool?\n\nThis will delete:\n- All their picks ({g} groups, {k} knockout)\n- Their account entirely\n\nThis cannot be undone."
Admin members,adminMembersEx.finalConfirm,אישור אחרון - להסיר את {name}?,Final confirmation — remove {name}?
Admin members,adminMembersEx.finalRemovedToast,✓ {name} הוסר מההימור,✓ {name} removed from pool
Admin members,adminMembersEx.finalRemoveError,שגיאה בהסרת המשתמש,Failed to remove member
Admin modal,adminModal.newCodeTitle,צור קוד שחזור חדש,Generate new recovery code
Admin modal,adminModal.newCodeText,הקוד הישן יבוטל,Old code will be revoked
Admin modal,adminModal.removeTitle,הסר מההימור,Remove from pool
Admin modal,adminModal.removeText,פעולה זו תמחק את כל ההימורים שלו,This will delete all their picks
Share modal,shareModal.subtitle,שלח להם את הקישור והם יצטרפו בלחיצה אחת,Send them the link and they join in one tap
Share modal,shareModal.copyHint,לחץ להעתקה,Tap to copy
Share modal,shareModal.copyLink,העתק קישור,Copy link
Share modal,shareModal.shareMsg,שתף עם הודעה,Share with message
Share modal,shareModal.scanCode,או סרוק את הקוד למטה:,Or scan the code below:
Share modal,shareModal.inviteUrl,קישור ההזמנה:,Invite link:
Share modal,shareModal.generatingQR,יוצר קוד QR...,Generating QR code...
Share modal,shareModal.copyLinkOk,✓ הקישור הועתק!,✓ Link copied!
Share modal,shareModal.copyCodeOk,✓ הקוד הועתק!,✓ Code copied!
Share modal,shareModal.copyError,שגיאה בהעתקה,Copy failed
Share modal,shareModal.joinTitle,הצטרף ל-{name},Join {name}
Top scorer locked,tsLocked.title,הפיצ\'ר עדיין נעול,Feature still locked
Top scorer locked,tsLocked.subtitle,מחכים לפרסום הסגלים הרשמיים,Waiting for the official squad lists
Top scorer locked,tsLocked.why,למה זה נעול?,Why is it locked?
Top scorer locked,tsLocked.whyText,"פיפ""א טרם פרסמה את הסגלים הרשמיים של כל הקבוצות. כל קבוצה צריכה להגיש 26 שחקנים עד 1 ביוני.",FIFA hasn\'t published the official squads yet. Each team must submit 26 players by June 1.
Top scorer locked,tsLocked.how,איך זה ייפתח?,How will it unlock?
Top scorer locked,tsLocked.howText,המערכת בודקת אוטומטית כל יום. ברגע שהסגלים יתפרסמו - הפיצ\'ר ייפתח לבד עם כל ~736 השחקנים האמיתיים!,"The system checks automatically every day. As soon as the squads are released, the feature unlocks with all ~736 real players!"
Top scorer locked,tsLocked.what,מה אפשר לעשות בינתיים?,What can I do meanwhile?
Top scorer locked,tsLocked.whatText,תמלא את הימור הבתים והנוקאאוט. הזמן את החברים. כשהפיצ\'ר ייפתח - תקבל התראה.,Make your group and knockout predictions. Invite friends. You\'ll be notified when this unlocks.
Top scorer locked,tsLocked.countdown,⏱️ עד פתיחת המונדיאל:,⏱️ Until World Cup kickoff:
Top scorer locked,tsLocked.openDate,11 ביוני 2026,"June 11, 2026"
Top scorer locked,tsLocked.lastCheck,בדיקה אחרונה: {time},Last check: {time}
Top scorer locked,tsLocked.loadingPlayers,שגיאה בטעינת שחקנים,Failed to load players
Top scorer unlocked,tsUnlocked.heroDesc,מי יבקיע הכי הרבה שערים במונדיאל?<br><strong>+{n} נקודות בונוס</strong> אם תנחש נכון!,Who will score the most goals at the World Cup?<br><strong>+{n} bonus points</strong> if you predict correctly!
Top scorer unlocked,tsUnlocked.hintTeam,{code} (קבוצה),{code} (team)
Top scorer unlocked,tsUnlocked.searchResults,"תוצאות חיפוש לפי ""{q}""","Results for ""{q}"""
Top scorer unlocked,tsUnlocked.currentLeaders,המובילים כרגע,Current leaders
Top scorer unlocked,tsUnlocked.forwardsWings,החלוצים והכנפיים מהקבוצות החזקות,Forwards and wingers from top teams
Top scorer unlocked,tsUnlocked.allPlayers,כל שחקני המונדיאל,All World Cup players
Top scorer unlocked,tsUnlocked.showing,מציג {n} מתוך {total} תוצאות,Showing {n} of {total} results
Top scorer unlocked,tsUnlocked.fallbackPlayer,שחקן,Player
Top scorer unlocked,tsUnlocked.starBadge,⭐ כוכב,⭐ Star
Top scorer unlocked,tsUnlocked.confirmChange,להחליף את הבחירה?\n\nמ: {from}\nל: {to},Change your pick?\n\nFrom: {from}\nTo: {to}
Top scorer unlocked,tsUnlocked.saveError,שגיאה בשמירת הבחירה: {msg},Failed to save pick: {msg}
Top scorer unlocked,tsUnlocked.fallbackThePlayer,השחקן,the player
Top scorer unlocked,tsUnlocked.pickedToast,🥇 בחרת ב-{name}!,🥇 You picked {name}!
Top scorer unlocked,tsUnlocked.confirmClear,לבטל את הבחירה של מלך השערים?,Clear top scorer pick?
Top scorer unlocked,tsUnlocked.clearError,שגיאה בביטול הבחירה,Failed to clear pick
Top scorer unlocked,tsUnlocked.clearedToast,הבחירה בוטלה,Pick cleared
Members list,membersList.title,משתתפים,Members
Members list,membersList.total,"בסה""כ",Total
Members list,membersList.bet,הימרו,Bet
Members list,membersList.notYet,עוד לא,Not yet
Members list,membersList.partial,הימר על {n} בחירות,Made {n} picks
Members list,membersList.complete,השלים את הבתים,Completed groups
Members list,membersList.notStarted,עדיין לא הימר,Not started yet
Members list,membersList.allDone,✓ סיים את כל ההימור,✓ Locked in — all picks made
Members list,membersList.inProgress,"התחיל לבחור, עוד לא סיים","Started picking, not done yet"
Members list,membersList.noBets,עוד לא הימר,Hasn\'t bet yet
Members list,membersList.fallbackUser,משתמש,User
Members list,membersList.joinedToday,הצטרף היום,Joined today
Members list,membersList.joinedYesterday,הצטרף אתמול,Joined yesterday
Members list,membersList.joinedDaysAgo,הצטרף לפני {n} ימים,Joined {n} days ago
Members list,membersList.joinedOn,הצטרף ב-{date},Joined {date}
Members list,membersList.loadError,שגיאה בטעינת המשתתפים,Failed to load members
Recovery display,recoveryDisplay.title,קוד השחזור שלך,Your recovery code
Recovery display,recoveryDisplay.heroSubtitle,הקוד הזה הוצג רק פעם אחת כשהצטרפת. מסיבות אבטחה לא ניתן להציג אותו שוב.,This code was shown only once when you joined. For security it cannot be shown again.
Recovery display,recoveryDisplay.didntSave,לא שמרת את הקוד?,Didn\'t save the code?
Recovery display,recoveryDisplay.didntSaveText,פנה למארגן ההימור ובקש לייצר עבורך קוד חדש. הקוד הקיים יישאר תקף - יש לך 2 קודים בו זמנית.,Ask the pool admin to generate a new code for you. The old one stays valid — you can have 2 codes at once.
Recovery display,recoveryDisplay.whyTitle,למה אני צריך קוד שחזור?,Why do I need a recovery code?
Recovery display,recoveryDisplay.whyText,"קוד השחזור הוא הדרך היחידה להתחבר אם החלפת מכשיר, ניקית את הדפדפן, או רוצה להיכנס ממכשיר אחר. שמור אותו במקום בטוח!","The recovery code is the only way to log in if you change devices, clear your browser, or want to access from elsewhere. Keep it safe!"
Recovery display,recoveryDisplay.backBtn,"הבנתי, חזור לדשבורד","Got it, back to dashboard"
Recovery display,recoveryDisplay.copiedToast,✓ קוד השחזור הועתק,✓ Recovery code copied
Recovery display,recoveryDisplay.notFound,לא נמצא קוד שחזור,No recovery code found
Help,helpEx.section1Title,📋 איך מהמרים?,📋 How to bet
Help,helpEx.q1,1. הצטרפות להימור,1. Joining a pool
Help,helpEx.a1,"לחץ ""הצטרף להימור"" בדף הבית, הזן קוד 5 תווים שקיבלת מהמארגן, בחר כינוי ושמור את קוד השחזור.","Tap ""Join Pool"" on the home page, enter the 5-letter code from your admin, choose a nickname and save the recovery code."
Help,helpEx.q2,2. הימור על שלב הבתים,2. Group stage predictions
Help,helpEx.a2,בכל בית (12 בתים) בחר 2 או 3 קבוצות שיעלו לשלב הבא. סך הכל צריך לבחור בדיוק 32 קבוצות.,"In each of the 12 groups, pick 2 or 3 teams to advance. You must pick exactly 32 teams in total."
Help,helpEx.q3,3. ניקוד,3. Scoring
Help,helpEx.a3,תקבל נקודה (או יותר עם מכפילים) על כל קבוצה שניחשת נכון שתעלה לשלב הבא.,You earn a point (more with multipliers) for each correct prediction that advances.
Help,helpEx.section2Title,🎲 מכפילי סיכון,🎲 Risk multipliers
Help,helpEx.q4,⭐ פייבוריטית - ×1,⭐ Favorite — ×1
Help,helpEx.tierFav,פייבוריטית,Favorite
Help,helpEx.tierCont,מתמודדת,Contender
Help,helpEx.tierUnd,אנדרדוג,Underdog
Help,helpEx.a4,"קבוצות חזקות. ניחוש ""בטוח"" אבל נקודה אחת בלבד.","Strong teams. Safe pick, one point only."
Help,helpEx.q5,⚔️ מתמודדת - ×1.5,⚔️ Contender — ×1.5
Help,helpEx.a5,"קבוצות באמצע הדירוג. סיכון בינוני, פרס בינוני.","Mid-tier teams. Medium risk, medium reward."
Help,helpEx.q6,🐶 אנדרדוג - ×2,🐶 Underdog — ×2
Help,helpEx.a6,קבוצות חלשות. סיכון גבוה אבל נקודה כפולה אם צדקת!,"Weak teams. High risk, double points if you\'re right!"
Help,helpEx.section3Title,🔐 אבטחה ופרטיות,🔐 Security & Privacy
Help,helpEx.q7,איבדתי את קוד השחזור,I lost my recovery code
Help,helpEx.a7,פנה למארגן ההימור - רק הוא יכול לייצר עבורך קוד חדש. אנחנו לא שומרים את הקוד שלך בשרת מסיבות אבטחה.,Contact the pool admin — only they can generate a new code for you. We don\'t store your code on the server for security.
Help,helpEx.q8,אילו פרטים אישיים נשמרים?,What personal data is saved?
Help,helpEx.a8,"רק הכינוי שבחרת וההימורים שלך. אין דרישה לאימייל, טלפון או פרטים אישיים אחרים.","Only the nickname you chose and your picks. No email, phone, or other personal info required."
Help,helpEx.q9,מה קורה אחרי הטורניר?,What happens after the tournament?
Help,helpEx.a9,"30 ימים אחרי סיום המונדיאל, כל הנתונים נמחקים אוטומטית מהמערכת.","30 days after the World Cup ends, all data is automatically deleted from the system."
Help,helpEx.section4Title,💰 כסף ותשלומים,💰 Money & Payments
Help,helpEx.q10,איך עובדים התשלומים?,How do payments work?
Help,helpEx.a10,FriendlyBet לא מטפלת בכסף בכלל! כל המעורבות הכספית מתבצעת מחוץ לאפליקציה - בקבוצות וואטסאפ או טלגרם של ההימור.,FriendlyBet doesn\'t handle money at all! Any financial side happens outside the app — in your group\'s WhatsApp or Telegram.
Help,helpEx.footer,יש לך שאלה נוספת? פנה למארגן ההימור שלך.,More questions? Contact your pool admin.
Status modal,statusModal.almostTitle,כמעט סיימת!,Almost done!
Status modal,statusModal.missingPicks,חסר{plural} עוד {n} עול{pluralN},{n} more pick{plural} to go
Status modal,statusModal.doneTitle,מצוין! 🎉,Excellent! 🎉
Status modal,statusModal.doneSubtitle,בחרת את כל ה-32 העולות,You picked all 32 advancing teams
Status modal,statusModal.picked,בחרת,Picked
Status modal,statusModal.of,מתוך,of
Status modal,statusModal.missing,חסר,Missing
Status modal,statusModal.canAddTitle,בתים שאפשר להוסיף בהם עולה שלישית:,Groups where you can add a 3rd pick:
Status modal,statusModal.noGroupsToAdd,לא נמצאו בתים עם 2 עולות.<br/>תוכל להוסיף בכל בית.,No groups with 2 picks found.<br/>You can add in any group.
Status modal,statusModal.expandable,{n} בתים עם 2 עולות - לחץ כדי להוסיף שלישית:,{n} groups with 2 picks — tap to add a third:
Status modal,statusModal.closeBtn,סגור והמשך בעצמי,Close and continue
Generic / app.js toasts,errors.loadError,שגיאה בטעינה,Failed to load
Generic / app.js toasts,errors.unexpected,שגיאה לא צפויה,Unexpected error
Generic / app.js toasts,errors.unexpectedMsg,שגיאה לא צפויה: {msg},Unexpected error: {msg}
Generic / app.js toasts,errors.missingData,שגיאה - חסרים נתונים,Error — missing data
Generic / app.js toasts,errors.reconnect,שגיאה - אנא התחבר מחדש,Error — please log in again
Generic / app.js toasts,errors.tryAgain,שגיאה - אנא נסה שוב,Error — please try again
Generic / app.js toasts,errors.serverConnecting,מתחבר לשרת... נסה שוב בעוד רגע,Connecting to server... try again in a moment
Generic / app.js toasts,errors.serverConnectingShort,מתחבר לשרת...,Connecting to server...
Generic / app.js toasts,errors.serverConnectingRetry,מתחבר לשרת... נסה שוב,Connecting to server... try again
Generic / app.js toasts,errors.searchingPool,מחפש את ההימור...,Searching for pool...
Generic / app.js toasts,errors.poolSearchError,שגיאה בחיפוש ההימור. נסה שוב.,Pool search failed. Try again.
Generic / app.js toasts,errors.poolNotFoundCode,לא נמצא הימור עם הקוד {code},No pool found with code {code}
Generic / app.js toasts,errors.poolLockedNoJoin,🔒 ההימור הזה נעול ולא מקבל חברים חדשים,🔒 This pool is locked and not accepting new members
Generic / app.js toasts,errors.joinCodeRequired,נא להזין קוד הימור,Please enter a pool code
Generic / app.js toasts,errors.joinCodeLen,קוד הימור הוא 5 תווים,Pool code is 5 characters
Generic / app.js toasts,errors.creatingUser,יוצר משתמש...,Creating user...
Generic / app.js toasts,errors.creatingUserFail,שגיאה ביצירת המשתמש: {msg},Failed to create user: {msg}
Generic / app.js toasts,errors.creatingPool,יוצר את ההימור...,Creating pool...
Generic / app.js toasts,errors.uniqueCodeFail,שגיאה ביצירת קוד ייחודי,Failed to generate unique code
Generic / app.js toasts,errors.creatingPoolFail,שגיאה ביצירת ההימור: {msg},Failed to create pool: {msg}
Generic / app.js toasts,errors.creatingAdminFail,שגיאה ביצירת מנהל ההימור: {msg},Failed to create admin: {msg}
Generic / app.js toasts,errors.poolCreated,ההימור נוצר בהצלחה! 🎉,Pool created successfully! 🎉
Generic / app.js toasts,errors.alreadyMember,"אתה כבר חבר בהימור.\n\nכדי להצטרף להימור חדש, תצטרך לצאת מהקיים.\n\nלצאת ולהצטרף להימור החדש?","You\'re already in a pool.\n\nTo join a new pool, you must leave the current one.\n\nLeave and join the new pool?"
v2.0.0 - Wizard,wizard.title,הגדרת ההימור,Pool Setup
v2.0.0 - Wizard,wizard.stepLabel,שלב {n} מתוך {total},Step {n} of {total}
v2.0.0 - Wizard,wizard.continueToSetup,המשך להגדרת ההימור,Continue to setup
v2.0.0 - Wizard,wizard.next,הבא,Next
v2.0.0 - Wizard,wizard.back,חזור,Back
v2.0.0 - Wizard,wizard.createPool,צור הימור,Create Pool
v2.0.0 - Wizard,wizard.recommended,מומלץ ⭐,Recommended ⭐
v2.0.0 - Wizard,wizard.advanced,מתקדם,Advanced
v2.0.0 - Wizard,wizard.step1.title,בחר את שיטת ההימור,Choose Betting Mode
v2.0.0 - Wizard,wizard.step1.subtitle,איך השחקנים שלך יהמרו?,How will your players place their bets?
v2.0.0 - Wizard,wizard.step1.singlePhase.title,הימור חד-פעמי,Single Phase Betting
v2.0.0 - Wizard,wizard.step1.singlePhase.description,"השחקנים מהמרים פעם אחת לפני תחילת המונדיאל. הם מנחשים הכל: מיקום בבתים, שלב הנוקאאוט המלא, מנצחת הטורניר, ומלך השערים.","Players bet ONCE before the tournament starts. They predict everything: group positions, full bracket, tournament winner, and top scorer."
v2.0.0 - Wizard,wizard.step1.twoPhase.title,הימור דו-שלבי,Two-Phase Betting
v2.0.0 - Wizard,wizard.step1.twoPhase.description,"השחקנים מהמרים פעמיים: פעם לפני הבתים (רק על הקבוצות שיעלו מהבית), ופעם נוספת אחרי הבתים על שלב הנוקאאוט ומלך השערים. יותר ריאלי, אבל דורש כניסה להימור בשני זמנים שונים.","Players bet TWICE: once before the groups (only group qualifiers), then again after the groups for knockout + top scorer. More realistic, but requires betting at two separate times."
v2.0.0 - Wizard,wizard.step2.title,חוקי הניקוד,Scoring Rules
v2.0.0 - Wizard,wizard.step2.subtitle,איך מחושבות נקודות?,How are points calculated?
v2.0.0 - Wizard,wizard.step2.useDefaults,שימוש בחוקים המומלצים,Use Recommended Rules
v2.0.0 - Wizard,wizard.step2.useDefaults.desc,הגדרות מאוזנות שמתאימות לרוב הקבוצות.,Balanced settings that work for most groups.
v2.0.0 - Wizard,wizard.step2.customize,התאמה אישית של החוקים,Customize Rules
v2.0.0 - Wizard,wizard.step2.customize.desc,קבע בעצמך את הניקוד לכל שלב.,Set the points for each stage yourself.
v2.0.0 - Wizard,wizard.step3.title,סיכום ויצירה,Review & Create
v2.0.0 - Wizard,wizard.step3.subtitle,בדוק את ההגדרות לפני יצירת ההימור,Check the settings before creating the pool
v2.0.0 - Wizard,wizard.summary.poolName,שם ההימור,Pool name
v2.0.0 - Wizard,wizard.summary.admin,המארגן,Admin
v2.0.0 - Wizard,wizard.summary.mode,שיטת הימור,Betting mode
v2.0.0 - Wizard,wizard.summary.totalPoints,סך נקודות מקסימלי,Max total points
v2.0.0 - Wizard,wizard.summary.rules,חוקי הניקוד,Scoring rules
v2.0.0 - Wizard,wizard.rule.group_first,מקום ראשון בבית,Group 1st place
v2.0.0 - Wizard,wizard.rule.group_second,מקום שני בבית,Group 2nd place
v2.0.0 - Wizard,wizard.rule.group_third,מקום שלישי בבית,Group 3rd place
v2.0.0 - Wizard,wizard.rule.group_fourth,מקום רביעי בבית,Group 4th place
v2.0.0 - Wizard,wizard.rule.round_of_32,סבב 32,Round of 32
v2.0.0 - Wizard,wizard.rule.round_of_16,שמינית גמר,Round of 16
v2.0.0 - Wizard,wizard.rule.quarter_final,רבע גמר,Quarter Final
v2.0.0 - Wizard,wizard.rule.semi_final,חצי גמר,Semi Final
v2.0.0 - Wizard,wizard.rule.final,גמר,Final
v2.0.0 - Wizard,wizard.rule.tournament_winner,מנצחת הטורניר,Tournament Winner
v2.0.0 - Wizard,wizard.rule.top_scorer,מלך השערים,Top Scorer
v2.0.0 - Wizard,wizard.ruleGroup.group,שלב הבתים,Group stage
v2.0.0 - Wizard,wizard.ruleGroup.knockout,נוקאאוט,Knockout
v2.0.0 - Wizard,wizard.ruleGroup.bonus,בונוסים,Bonus
v2.0.0 - Wizard,wizard.ruleGroup.winner,מנצחת הטורניר,Tournament winner
v2.0.0 - Wizard,wizard.rule.advancing_team,כל קבוצה שעולה מהבית,Each advancing team
v2.0.0 - Wizard,wizard.multipliers.explainTitle,איך זה עובד,How it works
v2.0.0 - Wizard,wizard.multipliers.explain,"כל קבוצה מסווגת לאחד משלושה דירוגים לפי דירוג FIFA. הימור על קבוצה חלשה יותר שמתממש מזכה אותך ביותר נקודות: פייבוריטית ×1, מתמודדת ×1.5, אנדרדוג ×2. המכפיל מוחל על הנקודות שמרוויחים על הקבוצה הזו בלבד.","Every team is rated in one of three tiers based on FIFA ranking. Correctly betting on a weaker team scores you more: Favorite ×1, Contender ×1.5, Underdog ×2. The multiplier applies only to points earned from that specific team."
v2.0.0 - Wizard,wizard.multipliers.singlePhaseNote,בהימור חד-שלבי המכפילים משפיעים רק משלב הנוקאאוט. ניחושי הבתים שווים נקודה אחת לכל קבוצה.,"In single-phase pools, multipliers apply only from the knockout stage onward. Group-position picks award one flat point per team."
v2.0.0 - Wizard,wizard.multipliers.powerOn,מכפילים מופעלים,Multipliers on
v2.0.0 - Wizard,wizard.multipliers.powerOff,מכפילים כבויים,Multipliers off
v2.0.0 - Wizard,wizard.multipliers.optional,אופציונלי,Optional
v2.0.0 - Wizard,wizard.multipliers.perTeamTitle,מכפיל סיכון פר-קבוצה (אופציונלי),Per-team multiplier (optional)
v2.0.0 - Wizard,wizard.multipliers.perTeamHelp,אפשר להגדיר ידנית מכפיל לקבוצה מסוימת. ערכים שלא נגעת בהם נשארים על מכפיל הקטגוריה.,Override the multiplier for a specific team. Untouched teams stay on the category multiplier.
v2.0.0 - Wizard,wizard.multipliers.perTeamReset,איפוס לכל הקבוצות,Reset all teams
v2.0.0 - Single-phase betting,betting.singlePhase.title,הימור חד-פעמי,Single Phase Betting
v2.0.0 - Single-phase betting,betting.groupPositions.title,מיקום בבתים,Group Positions
v2.0.0 - Single-phase betting,betting.groupPositions.instructions,הקבוצות מסודרות לפי דירוג FIFA. גרור כדי לשנות את הסדר.,Teams are pre-sorted by FIFA ranking. Drag to reorder them.
v2.0.0 - Single-phase betting,betting.groupPositions.scoringNote,"נקודה על כל מיקום שניחשת נכון בסיום שלב הבתים, בלי קשר לקבוצות שעלו.",1 point for each position you correctly predict at the end of the group stage — regardless of which teams advance.
v2.0.0 - Single-phase betting,betting.groupStep,בית {n} מתוך {total},Group {n} of {total}
v2.0.0 - Single-phase betting,betting.position.1,מקום ראשון,First place
v2.0.0 - Single-phase betting,betting.position.2,מקום שני,Second place
v2.0.0 - Single-phase betting,betting.position.3,מקום שלישי,Third place
v2.0.0 - Single-phase betting,betting.position.4,מקום רביעי,Fourth place
v2.0.0 - Single-phase betting,betting.groupFull,הבית מלא. הסר קבוצה כדי להחליף.,Group is full. Remove a team to replace.
v2.0.0 - Single-phase betting,betting.groupsIncomplete,חסרות תוצאות בבתים: {letters},Missing predictions for groups: {letters}
v2.0.0 - Single-phase betting,betting.groupsIncompleteHint,התקדמת עם בתים חסרים: {letters}. תמיד אפשר לחזור ולהשלים.,Moved on with incomplete groups: {letters}. You can always come back.
v2.0.0 - Single-phase betting,betting.finalMissingHint,התקדמת בלי לבחור את מנצחת הגמר. תמיד אפשר לחזור.,Moved on without picking the final winner. You can always come back.
v2.0.0 - Single-phase betting,betting.partialSaveHint,✓ ההימור נשמר. עוד נשאר: {details},✓ Picks saved. Still left: {details}
v2.0.0 - Single-phase betting,betting.continueToBracket,המשך לברקאט,Continue to bracket
v2.0.0 - Single-phase betting,betting.skipForNow,דלג בינתיים — נחזור לזה אחר כך,Skip for now — I\'ll come back
v2.0.0 - Single-phase betting,betting.bracket.title,שלב הנוקאאוט שלך,Your Bracket
v2.0.0 - Single-phase betting,betting.bracket.instructions,שלב הנוקאאוט נוצר מתוצאות הבתים שלך. בכל משחק - בחר את המנצח.,Your bracket is built from your group predictions. For each match - pick the winner.
v2.0.0 - Single-phase betting,betting.tournamentWinner.title,מנצחת הטורניר,Tournament Winner
v2.0.0 - Single-phase betting,betting.tournamentWinner.question,מי תזכה במונדיאל?,Who wins the World Cup?
v2.0.0 - Single-phase betting,betting.tournamentWinner.subtitle,בחר את הקבוצה שלדעתך תרים את הגביע,Pick the team you think will lift the trophy
v2.0.0 - Single-phase betting,betting.winnerRequired,בחר את מנצחת הטורניר,Please pick a tournament winner
v2.0.0 - Single-phase betting,betting.finalRequired,בחר את המנצחת של משחק הגמר לפני שתמשיך,Pick the final match winner before you continue
v2.0.0 - Single-phase betting,betting.summary.title,סיכום הניחושים,Predictions Summary
v2.0.0 - Single-phase betting,betting.summary.warning,תוכל לערוך את הניחושים כל עוד המונדיאל לא התחיל. ברגע שמשחק ראשון מתחיל - הניחושים יינעלו.,"You can edit your predictions any time before the tournament starts. Once the first match begins, they lock automatically."
v2.0.0 - Single-phase betting,betting.summary.groups,תוצאות הבתים,Group Predictions
v2.0.0 - Single-phase betting,betting.summary.bracket,ברקאט,Bracket
v2.0.0 - Single-phase betting,betting.summary.winner,מנצחת הטורניר,Tournament Winner
v2.0.0 - Single-phase betting,betting.summary.topScorer,מלך השערים,Top Scorer
v2.0.0 - Single-phase betting,betting.summary.submit,שמור את הניחושים שלי,Save my predictions
v2.0.0 - Single-phase betting,betting.saved,הניחושים נשמרו! 🎯,Predictions saved! 🎯
v2.0.0 - Single-phase betting,betting.continueToSummary,המשך לסיכום,Continue to summary
v2.0.0 - Single-phase betting,betting.summary.editTopScorer,ערוך מלך שערים,Edit top scorer
v2.0.0 - Single-phase betting,betting.summary.editPicks,ערוך קבוצות וברקאט,Edit groups & bracket
v2.0.0 - Single-phase betting,betting.notPicked,לא נבחר,Not picked
v2.0.0 - Single-phase betting,betting.confirmSubmit,⚠️ לשלוח את הניחושים הסופיים?\n\nאחרי שליחה ותחילת הטורניר - לא ניתן יהיה לשנות!,"⚠️ Submit your final predictions?\n\nOnce submitted and the tournament starts, you cannot change them!"
v2.0.0 - Single-phase betting,betting.submitted,הניחושים נשלחו בהצלחה! 🎉,Predictions submitted! 🎉
v2.0.0 - Single-phase betting,betting.locked.title,הניחושים שלך,Your Predictions
v2.0.0 - Single-phase betting,betting.locked.heading,הניחושים נשלחו ונעולים,Predictions submitted and locked
v2.0.0 - Single-phase betting,betting.locked.message,לא ניתן לשנות יותר. צפה בניחושים שלך למטה.,No more changes allowed. View your predictions below.
v2.0.0 - Leaderboard breakdown,leaderboard.viewBracket,צפה בניחושי הנוקאאוט,View knockout picks
v2.0.0 - Leaderboard breakdown,leaderboard.bracketOfTitle,ניחושי הנוקאאוט של {name},Knockout picks · {name}
v2.0.0 - Leaderboard breakdown,leaderboard.breakdown.group,בתים,Groups
v2.0.0 - Leaderboard breakdown,leaderboard.breakdown.knockout,נוקאאוט,Knockout
v2.0.0 - Leaderboard breakdown,leaderboard.breakdown.bonus,בונוס,Bonus
v2.0.0 - Leaderboard breakdown,leaderboard.noPicks,אין ניחושים להצגה,No predictions to show
v2.1.4 - Dashboard reflow,dashboard.preTournament.title,המונדיאל עוד לא התחיל,Tournament hasn\'t started yet
v2.1.4 - Dashboard reflow,dashboard.preTournament.subtitle,הדירוג יופיע כאן כשהמשחקים יתחילו,Your rank will appear here once matches begin
v2.1.4 - Dashboard reflow,dashboard.progress.notStarted.title,מוכן להמר? 🎯,Ready to play? 🎯
v2.1.4 - Dashboard reflow,dashboard.progress.notStarted.subtitle,בחר את הקבוצות שלך וצא לדרך — לוקח רק כמה דקות,Pick your teams and lock it in — takes just a few minutes
v2.1.4 - Dashboard reflow,dashboard.progress.adminInviteFirst.title,מוכן להמר? 🎯,Ready to play? 🎯
v2.1.4 - Dashboard reflow,dashboard.progress.adminInviteFirst.subtitle,"קודם כל הזמן חברים, ואחר כך תתחיל להמר בעצמך — לוקח רק כמה דקות","First invite your friends, then make your own picks — takes just a few minutes"
v2.1.4 - Dashboard reflow,dashboard.progress.partial.title,אתה בעיצומו של ההימור💪,You\'re cooking 💪
v2.1.4 - Dashboard reflow,dashboard.progress.partial.subtitle,עוד כמה בחירות וסיימת,A few more picks and you\'re done
v2.1.4 - Dashboard reflow,dashboard.progress.allSet.title,סגרת הכל! 🎉,ALL SET! 🎉
v2.1.4 - Dashboard reflow,dashboard.progress.allSet.subtitle,ההימור שלך בפנים. עוד אפשר לערוך עד שריקת הפתיחה של המונדיאל,Your picks are in. Still tweakable right up to the opening whistle
v2.1.4 - Dashboard reflow,dashboard.startCta.title,התחל להמר על המונדיאל,Start predicting the World Cup
v2.1.4 - Dashboard reflow,dashboard.startCta.subtitle,בחר את הקבוצות שלך לכל בית,Pick your teams for each group
v2.1.4 - Dashboard reflow,dashboard.continueCta.title,המשך את ההימור,Continue your predictions
v2.1.4 - Dashboard reflow,dashboard.continueCta.partialGroups,השלמת {n} מתוך {total} בתים,{n} of {total} groups done
v2.1.4 - Dashboard reflow,dashboard.continueCta.almostDone,עוד צעד אחד - ברקאט ומלך השערים,One more step - bracket and top scorer
v2.1.4 - Dashboard reflow,dashboard.editCta.title,ערוך את ההימור שלך,Edit your predictions
v2.1.4 - Dashboard reflow,dashboard.viewCta.title,צפה בניחושים שלך,View your predictions
v2.1.4 - Dashboard reflow,dashboard.viewCta.subtitle,עדכן או ערוך עד שהמונדיאל מתחיל,Update or edit until the tournament starts
v2.1.0 - Recovery code screen,recovery.poolCreated.title,ההימור נוצר!,Pool Created!
v2.1.0 - Recovery code screen,recovery.poolCreated.subtitle,ברוך הבא להימור שלך!,Welcome to your pool!
v2.1.0 - Recovery code screen,recovery.joined.title,הצטרפת!,You\'re In!
v2.1.0 - Recovery code screen,recovery.joined.subtitle,בוא נתחיל לנחש!,Get ready to predict!
v2.1.0 - Recovery code screen,recovery.codeLabel,קוד השחזור האישי שלך,Your Personal Recovery Code
v2.1.0 - Recovery code screen,recovery.warning.title,שמור את הקוד!,Save this code!
v2.1.0 - Recovery code screen,recovery.warning.text,תצטרך אותו כדי להתחבר ממכשיר אחר או אם המכשיר הנוכחי יתנתק.,You\'ll need it to access your account from another device or if this one is disconnected.
v2.1.0 - Recovery code screen,recovery.privacy,שמור על פרטיות. אל תשתף.,Keep it private. Don\'t share.
v2.1.0 - Recovery code screen,recovery.adminHelp.title,איבדת את הקוד? אין בעיה.,Lost the code? No worries.
v2.1.0 - Recovery code screen,recovery.adminHelp.text,תמיד אפשר לבקש מהאדמין של ההימור שישלח לך קוד שחזור חדש בוואטסאפ או בטלגרם.,You can always ask the pool admin to send you a fresh recovery link on WhatsApp or Telegram.
v2.1.0 - Recovery code screen,recovery.button.copy,העתק,Copy
v2.1.0 - Recovery code screen,recovery.button.email,שלח במייל,Email yourself
v2.1.0 - Recovery code screen,recovery.button.download,הורד כקובץ,Download Text File
v2.1.0 - Recovery code screen,recovery.button.copied,✓ הועתק!,✓ Copied!
v2.1.0 - Recovery code screen,recovery.toast.copied,✓ הועתק ללוח!,✓ Copied to clipboard!
v2.1.0 - Recovery code screen,recovery.toast.downloaded,✓ הקובץ הורד!,✓ File downloaded!
v2.1.0 - Recovery code screen,recovery.button.continue,המשך להימור,Continue to Pool
v2.1.0 - Recovery code screen,recovery.button.close,סגור,Close
v2.1.0 - Recovery code screen,recovery.warningModal.title,שמרת את הקוד?,Did you save the code?
v2.1.0 - Recovery code screen,recovery.warningModal.text,"תצטרך את הקוד כדי להתחבר ממכשיר אחר, או מהמכשיר הזה אם תתנתק. בלי הקוד — אין דרך לחזור לחשבון.","You\'ll need this code to log in from another device, or from this device if you sign out. Without it, there\'s no way back into your account."
v2.1.0 - Recovery code screen,recovery.warningModal.saveCode,שמור את הקוד,Save Code
v2.1.0 - Recovery code screen,recovery.warningModal.continueAnyway,המשך בכל מקרה,Continue Anyway
v2.1.0 - Recovery code screen,recovery.warningModal.notYet,"עדיין לא, חזור לשמור","Not yet, go back to save"
v2.1.0 - Recovery code screen,recovery.warningModal.yesSaved,"כן, המשך להימור","Yes, continue to pool"
v2.1.0 - Recovery code screen,recovery.menu.viewCode,קוד השחזור שלי,My Recovery Code
v2.1.0 - Recovery code screen,recovery.viewMode.title,קוד השחזור שלך,Your Recovery Code
v2.1.0 - Recovery code screen,recovery.email.subject,קוד שחזור FriendlyBet,FriendlyBet Recovery Code
v2.1.0 - Recovery code screen,recovery.email.body,שלום! 👋\n\nזה קוד השחזור האישי שלך ל-FriendlyBet.\nשמור אותו במקום בטוח - תצטרך אותו כדי להתחבר.\n\nקוד שחזור: {code}\n\nהימור: {poolName}\nהיכנס דרך: https://friendlybet.live\n\n⚠️ שמור על פרטיות! אל תשתף עם אחרים.,Hi! 👋\n\nThis is your personal FriendlyBet recovery code.\nKeep it safe - you\'ll need it to access your account.\n\nRecovery Code: {code}\n\nPool: {poolName}\nLogin at: https://friendlybet.live\n\n⚠️ Keep this private! Don\'t share with anyone.
v2.1.0 - Recovery code screen,recovery.txt.header,קוד שחזור FriendlyBet,FriendlyBet Recovery Code
v2.1.0 - Recovery code screen,recovery.txt.codeLabel,קוד השחזור האישי שלך:,Your personal recovery code:
v2.1.0 - Recovery code screen,recovery.txt.poolLabel,הימור:,Pool:
v2.1.0 - Recovery code screen,recovery.txt.createdLabel,נוצר:,Created:
v2.1.0 - Recovery code screen,recovery.txt.important,חשוב:,IMPORTANT:
v2.1.0 - Recovery code screen,recovery.txt.warning1,שמור על קוד זה בפרטיות,Keep this code private
v2.1.0 - Recovery code screen,recovery.txt.warning2,אל תשתף עם אף אחד,Don\'t share with anyone
v2.1.0 - Recovery code screen,recovery.txt.warning3,תצטרך אותו כדי להתחבר לחשבון שלך,You\'ll need it to access your account
v2.1.0 - Recovery code screen,recovery.txt.loginAt,היכנס דרך:,Login at:
v2.4 additions (Hebrew),recovery.button.screenshot,שמור כתמונה,Save as image
v2.4 additions (Hebrew),recovery.button.email,שלח לעצמי באימייל,Email yourself
v2.4 additions (Hebrew),recovery.button.download,הורד קובץ טקסט,Download Text File
v2.4 additions (Hebrew),recovery.button.emailMe,שלח את הקוד לאימייל שלי,Send the code to my email
v2.4 additions (Hebrew),recovery.toast.screenshotDone,✓ סומן כצולם,✓ Marked as captured
v2.4 additions (Hebrew),recovery.toast.emailCopied,✓ תוכן המייל הועתק ללוח - הדבק במייל שלך,✓ Email content copied to clipboard - paste into your email
v2.4 additions (Hebrew),recovery.toast.emailOpened,✓ נפתח חלון מייל,✓ Opened your email client
v2.4 additions (Hebrew),shareModal.copy,העתק,Copy
v2.4 additions (Hebrew),recovery.toast.emailOpenedWithBackup,✓ נפתח חלון מייל - ונשמר גיבוי בלוח,✓ Opened email - content also copied to clipboard as backup
v2.4 additions (Hebrew),recovery.toast.popupBlocked,הדפדפן חסם את הפתיחה. אנא אפשר חלונות קופצים ונסה שוב.,Your browser blocked the new window. Please allow popups and try again.
v2.4 additions (Hebrew),recovery.screenshot.title,שמור את הקוד כתמונה,Save your code as an image
v2.4 additions (Hebrew),recovery.screenshot.intro,יצרנו עבורך תמונה עם קוד השחזור. שמור אותה בגלריה או שתף לעצמך.,We generated an image with your recovery code. Save it to your gallery or share it to yourself.
v2.4 additions (Hebrew),recovery.screenshot.codeLabel,קוד השחזור שלך,Your recovery code
v2.4 additions (Hebrew),recovery.screenshot.tip,"אחרי הצילום, בדוק בגלריה שהקוד יצא ברור וקריא.","After the screenshot, check the gallery to make sure the code is clear and readable."
v2.4 additions (Hebrew),recovery.screenshot.done,"צילמתי, המשך","Captured, continue"
v2.4 additions (Hebrew),recovery.screenshot.generating,מכין תמונה...,Generating image...
v2.4 additions (Hebrew),recovery.screenshot.save,שמור תמונה למכשיר,Save image to device
v2.4 additions (Hebrew),recovery.screenshot.ios1,לחץ בו-זמנית על {k1} + {k2},Press {k1} + {k2} at the same time
v2.4 additions (Hebrew),recovery.screenshot.ios2,התמונה תיווצר ותופיע לזמן קצר בתחתית המסך,A thumbnail will briefly appear at the bottom of the screen
v2.4 additions (Hebrew),recovery.screenshot.ios3,הצילום יישמר אוטומטית באפליקציית התמונות,The screenshot is saved automatically to the Photos app
v2.4 additions (Hebrew),recovery.screenshot.android1,לחץ בו-זמנית על {k1} + {k2} למשך ~1 שנייה,Press and hold {k1} + {k2} together for ~1 second
v2.4 additions (Hebrew),recovery.screenshot.samsung1,לחץ בו-זמנית על {k1} + {k2} (או החלק עם כף היד על המסך),Press {k1} + {k2} together (or swipe with your palm across the screen)
v2.4 additions (Hebrew),recovery.screenshot.android2,תוצג תצוגה מקדימה של הצילום,A preview of the screenshot will appear
v2.4 additions (Hebrew),recovery.screenshot.android3,הצילום יישמר אוטומטית בגלריה,The screenshot is saved to your gallery automatically
v2.4 additions (Hebrew),recovery.screenshot.mac1,לחץ {k1} + {k2} + {k3} ובחר את אזור הקוד,Press {k1} + {k2} + {k3} then drag over the code
v2.4 additions (Hebrew),recovery.screenshot.mac2,הצילום יישמר בשולחן העבודה,The screenshot is saved to your Desktop
v2.4 additions (Hebrew),recovery.screenshot.win1,לחץ {k1} + {k2} + {k3} ובחר את אזור הקוד,Press {k1} + {k2} + {k3} then drag over the code
v2.4 additions (Hebrew),recovery.screenshot.win2,"הצילום יועתק ללוח / יישמר בתיקיית ""צילומי מסך""",The screenshot is copied to clipboard / saved in Screenshots folder
v2.4 additions (Hebrew),recovery.screenshot.generic1,השתמש בפונקציית צילום המסך של המכשיר שלך,Use your device\'s built-in screenshot function
v2.4 additions (Hebrew),recovery.screenshot.generic2,התמונה תישמר אוטומטית בגלריה / שולחן העבודה,The image will be saved to your gallery / desktop automatically
v2.4 additions (Hebrew),exitApp.title,לצאת מהאפליקציה?,Exit the app?
v2.4 additions (Hebrew),exitApp.text,תוכל לחזור בכל זמן וההימור שלך נשמר אוטומטית.,You can come back any time - your predictions are saved automatically.
v2.4 additions (Hebrew),exitApp.stay,הישאר באפליקציה,Stay in app
v2.4 additions (Hebrew),exitApp.confirm,צא,Exit
v2.4 additions (Hebrew),knockoutFirst.instructions,בחר את הקבוצה שלדעתך תעלה לסבב הבא,Pick the team you think will advance to the next round
v2.4 additions (Hebrew),knockoutFirst.pointsLabel,{n} נקודות עבור הימור מדוייק,{n} points if you\'re right
v2.4 additions (Hebrew),knockoutFirst.pointsLabelRange,{min} או {max} נקודות עבור הימור מדוייק (לפי מכפיל הסיכון של הקבוצה),{min} or {max} points if you\'re right (depending on the team\'s risk multiplier)
v2.4 additions (Hebrew),knockoutFirst.winnerBonus,+ {n} נקודות בונוס על ניחוש מנצחת הטורניר,+ {n} bonus points for picking the tournament champion
v2.4 additions (Hebrew),knockoutFirst.skip,דלג בינתיים,Skip for now
v2.4 additions (Hebrew),knockoutFirst.completedToast,מעולה! עכשיו תוכל לערוך כל בחירה,Great! You can now edit any pick
v2.4 additions (Hebrew),groups.lockedTournamentStarted,הטורניר התחיל - לא ניתן יותר לשנות את ההימור,Tournament started - predictions can no longer be edited