option	groups	1A	1B	1D	1E	1G	1I	1K	1L
1	ABCDEFGH	3H	3G	3B	3C	3A	3F	3D	3E
2	ABCDEFGI	3C	3G	3B	3D	3A	3F	3E	3I
3	ABCDEFGJ	3C	3G	3B	3D	3A	3F	3E	3J
4	ABCDEFGK	3C	3G	3B	3D	3A	3F	3E	3K
5	ABCDEFGL	3C	3G	3B	3D	3A	3F	3L	3E
6	ABCDEFHI	3H	3E	3B	3C	3A	3F	3D	3I
7	ABCDEFHJ	3H	3J	3B	3C	3A	3F	3D	3E
8	ABCDEFHK	3H	3E	3B	3C	3A	3F	3D	3K
9	ABCDEFHL	3H	3F	3B	3C	3A	3D	3L	3E
10	ABCDEFIJ	3C	3J	3B	3D	3A	3F	3E	3I
11	ABCDEFIK	3C	3E	3B	3D	3A	3F	3I	3K
12	ABCDEFIL	3C	3E	3B	3D	3A	3F	3L	3I
13	ABCDEFJK	3C	3J	3B	3D	3A	3F	3E	3K
14	ABCDEFJL	3C	3J	3B	3D	3A	3F	3L	3E
15	ABCDEFKL	3C	3E	3B	3D	3A	3F	3L	3K
16	ABCDEGHI	3H	3G	3B	3C	3A	3D	3E	3I
17	ABCDEGHJ	3H	3G	3B	3C	3A	3D	3E	3J
18	ABCDEGHK	3H	3G	3B	3C	3A	3D	3E	3K
19	ABCDEGHL	3H	3G	3B	3C	3A	3D	3L	3E
20	ABCDEGIJ	3E	3G	3B	3C	3A	3D	3I	3J
21	ABCDEGIK	3E	3G	3B	3C	3A	3D	3I	3K
22	ABCDEGIL	3E	3G	3B	3C	3A	3D	3L	3I
23	ABCDEGJK	3E	3G	3B	3C	3A	3D	3J	3K
24	ABCDEGJL	3E	3G	3B	3C	3A	3D	3L	3J
25	ABCDEGKL	3E	3G	3B	3C	3A	3D	3L	3K
26	ABCDEHIJ	3H	3J	3B	3C	3A	3D	3E	3I
27	ABCDEHIK	3H	3E	3B	3C	3A	3D	3I	3K
28	ABCDEHIL	3H	3E	3B	3C	3A	3D	3L	3I
29	ABCDEHJK	3H	3J	3B	3C	3A	3D	3E	3K
30	ABCDEHJL	3H	3J	3B	3C	3A	3D	3L	3E
31	ABCDEHKL	3H	3E	3B	3C	3A	3D	3L	3K
32	ABCDEIJK	3E	3J	3B	3C	3A	3D	3I	3K
33	ABCDEIJL	3E	3J	3B	3C	3A	3D	3L	3I
34	ABCDEIKL	3E	3I	3B	3C	3A	3D	3L	3K
35	ABCDEJKL	3E	3J	3B	3C	3A	3D	3L	3K
36	ABCDFGHI	3H	3G	3B	3C	3A	3F	3D	3I
37	ABCDFGHJ	3H	3G	3B	3C	3A	3F	3D	3J
38	ABCDFGHK	3H	3G	3B	3C	3A	3F	3D	3K
39	ABCDFGHL	3C	3G	3B	3D	3A	3F	3L	3H
40	ABCDFGIJ	3C	3G	3B	3D	3A	3F	3I	3J
41	ABCDFGIK	3C	3G	3B	3D	3A	3F	3I	3K
42	ABCDFGIL	3C	3G	3B	3D	3A	3F	3L	3I
43	ABCDFGJK	3C	3G	3B	3D	3A	3F	3J	3K
44	ABCDFGJL	3C	3G	3B	3D	3A	3F	3L	3J
45	ABCDFGKL	3C	3G	3B	3D	3A	3F	3L	3K
46	ABCDFHIJ	3H	3J	3B	3C	3A	3F	3D	3I
47	ABCDFHIK	3H	3F	3B	3C	3A	3D	3I	3K
48	ABCDFHIL	3H	3F	3B	3C	3A	3D	3L	3I
49	ABCDFHJK	3H	3J	3B	3C	3A	3F	3D	3K
50	ABCDFHJL	3C	3J	3B	3D	3A	3F	3L	3H
51	ABCDFHKL	3H	3F	3B	3C	3A	3D	3L	3K
52	ABCDFIJK	3C	3J	3B	3D	3A	3F	3I	3K
53	ABCDFIJL	3C	3J	3B	3D	3A	3F	3L	3I
54	ABCDFIKL	3C	3I	3B	3D	3A	3F	3L	3K
55	ABCDFJKL	3C	3J	3B	3D	3A	3F	3L	3K
56	ABCDGHIJ	3H	3G	3B	3C	3A	3D	3I	3J
57	ABCDGHIK	3H	3G	3B	3C	3A	3D	3I	3K
58	ABCDGHIL	3H	3G	3B	3C	3A	3D	3L	3I
59	ABCDGHJK	3H	3G	3B	3C	3A	3D	3J	3K
60	ABCDGHJL	3H	3G	3B	3C	3A	3D	3L	3J
61	ABCDGHKL	3H	3G	3B	3C	3A	3D	3L	3K
62	ABCDGIJK	3C	3J	3B	3D	3A	3G	3I	3K
63	ABCDGIJL	3C	3J	3B	3D	3A	3G	3L	3I
64	ABCDGIKL	3I	3G	3B	3C	3A	3D	3L	3K
65	ABCDGJKL	3C	3J	3B	3D	3A	3G	3L	3K
66	ABCDHIJK	3H	3J	3B	3C	3A	3D	3I	3K
67	ABCDHIJL	3H	3J	3B	3C	3A	3D	3L	3I
68	ABCDHIKL	3H	3I	3B	3C	3A	3D	3L	3K
69	ABCDHJKL	3H	3J	3B	3C	3A	3D	3L	3K
70	ABCDIJKL	3I	3J	3B	3C	3A	3D	3L	3K
71	ABCEFGHI	3H	3G	3B	3C	3A	3F	3E	3I
72	ABCEFGHJ	3H	3G	3B	3C	3A	3F	3E	3J
73	ABCEFGHK	3H	3G	3B	3C	3A	3F	3E	3K
74	ABCEFGHL	3H	3G	3B	3C	3A	3F	3L	3E
75	ABCEFGIJ	3E	3G	3B	3C	3A	3F	3I	3J
76	ABCEFGIK	3E	3G	3B	3C	3A	3F	3I	3K
77	ABCEFGIL	3E	3G	3B	3C	3A	3F	3L	3I
78	ABCEFGJK	3E	3G	3B	3C	3A	3F	3J	3K
79	ABCEFGJL	3E	3G	3B	3C	3A	3F	3L	3J
80	ABCEFGKL	3E	3G	3B	3C	3A	3F	3L	3K
81	ABCEFHIJ	3H	3J	3B	3C	3A	3F	3E	3I
82	ABCEFHIK	3H	3E	3B	3C	3A	3F	3I	3K
83	ABCEFHIL	3H	3E	3B	3C	3A	3F	3L	3I
84	ABCEFHJK	3H	3J	3B	3C	3A	3F	3E	3K
85	ABCEFHJL	3H	3J	3B	3C	3A	3F	3L	3E
86	ABCEFHKL	3H	3E	3B	3C	3A	3F	3L	3K
87	ABCEFIJK	3E	3J	3B	3C	3A	3F	3I	3K
88	ABCEFIJL	3E	3J	3B	3C	3A	3F	3L	3I
89	ABCEFIKL	3E	3I	3B	3C	3A	3F	3L	3K
90	ABCEFJKL	3E	3J	3B	3C	3A	3F	3L	3K
91	ABCEGHIJ	3H	3J	3B	3C	3A	3G	3E	3I
92	ABCEGHIK	3E	3G	3B	3C	3A	3H	3I	3K
93	ABCEGHIL	3E	3G	3B	3C	3A	3H	3L	3I
94	ABCEGHJK	3H	3J	3B	3C	3A	3G	3E	3K
95	ABCEGHJL	3H	3J	3B	3C	3A	3G	3L	3E
96	ABCEGHKL	3E	3G	3B	3C	3A	3H	3L	3K
97	ABCEGIJK	3E	3J	3B	3C	3A	3G	3I	3K
98	ABCEGIJL	3E	3J	3B	3C	3A	3G	3L	3I
99	ABCEGIKL	3E	3G	3B	3A	3I	3C	3L	3K
100	ABCEGJKL	3E	3J	3B	3C	3A	3G	3L	3K
101	ABCEHIJK	3E	3J	3B	3C	3A	3H	3I	3K
102	ABCEHIJL	3E	3J	3B	3C	3A	3H	3L	3I
103	ABCEHIKL	3E	3I	3B	3C	3A	3H	3L	3K
104	ABCEHJKL	3E	3J	3B	3C	3A	3H	3L	3K
105	ABCEIJKL	3E	3J	3B	3A	3I	3C	3L	3K
106	ABCFGHIJ	3H	3G	3B	3C	3A	3F	3I	3J
107	ABCFGHIK	3H	3G	3B	3C	3A	3F	3I	3K
108	ABCFGHIL	3H	3G	3B	3C	3A	3F	3L	3I
109	ABCFGHJK	3H	3G	3B	3C	3A	3F	3J	3K
110	ABCFGHJL	3H	3G	3B	3C	3A	3F	3L	3J
111	ABCFGHKL	3H	3G	3B	3C	3A	3F	3L	3K
112	ABCFGIJK	3C	3J	3B	3F	3A	3G	3I	3K
113	ABCFGIJL	3C	3J	3B	3F	3A	3G	3L	3I
114	ABCFGIKL	3I	3G	3B	3C	3A	3F	3L	3K
115	ABCFGJKL	3C	3J	3B	3F	3A	3G	3L	3K
116	ABCFHIJK	3H	3J	3B	3C	3A	3F	3I	3K
117	ABCFHIJL	3H	3J	3B	3C	3A	3F	3L	3I
118	ABCFHIKL	3H	3I	3B	3C	3A	3F	3L	3K
119	ABCFHJKL	3H	3J	3B	3C	3A	3F	3L	3K
120	ABCFIJKL	3I	3J	3B	3C	3A	3F	3L	3K
121	ABCGHIJK	3H	3J	3B	3C	3A	3G	3I	3K
122	ABCGHIJL	3H	3J	3B	3C	3A	3G	3L	3I
123	ABCGHIKL	3I	3G	3B	3C	3A	3H	3L	3K
124	ABCGHJKL	3H	3J	3B	3C	3A	3G	3L	3K
125	ABCGIJKL	3I	3J	3B	3C	3A	3G	3L	3K
126	ABCHIJKL	3I	3J	3B	3C	3A	3H	3L	3K
127	ABDEFGHI	3H	3G	3B	3D	3A	3F	3E	3I
128	ABDEFGHJ	3H	3G	3B	3D	3A	3F	3E	3J
129	ABDEFGHK	3H	3G	3B	3D	3A	3F	3E	3K
130	ABDEFGHL	3H	3G	3B	3D	3A	3F	3L	3E
131	ABDEFGIJ	3E	3G	3B	3D	3A	3F	3I	3J
132	ABDEFGIK	3E	3G	3B	3D	3A	3F	3I	3K
133	ABDEFGIL	3E	3G	3B	3D	3A	3F	3L	3I
134	ABDEFGJK	3E	3G	3B	3D	3A	3F	3J	3K
135	ABDEFGJL	3E	3G	3B	3D	3A	3F	3L	3J
136	ABDEFGKL	3E	3G	3B	3D	3A	3F	3L	3K
137	ABDEFHIJ	3H	3J	3B	3D	3A	3F	3E	3I
138	ABDEFHIK	3H	3E	3B	3D	3A	3F	3I	3K
139	ABDEFHIL	3H	3E	3B	3D	3A	3F	3L	3I
140	ABDEFHJK	3H	3J	3B	3D	3A	3F	3E	3K
141	ABDEFHJL	3H	3J	3B	3D	3A	3F	3L	3E
142	ABDEFHKL	3H	3E	3B	3D	3A	3F	3L	3K
143	ABDEFIJK	3E	3J	3B	3D	3A	3F	3I	3K
144	ABDEFIJL	3E	3J	3B	3D	3A	3F	3L	3I
145	ABDEFIKL	3E	3I	3B	3D	3A	3F	3L	3K
146	ABDEFJKL	3E	3J	3B	3D	3A	3F	3L	3K
147	ABDEGHIJ	3H	3J	3B	3D	3A	3G	3E	3I
148	ABDEGHIK	3E	3G	3B	3D	3A	3H	3I	3K
149	ABDEGHIL	3E	3G	3B	3D	3A	3H	3L	3I
150	ABDEGHJK	3H	3J	3B	3D	3A	3G	3E	3K
151	ABDEGHJL	3H	3J	3B	3D	3A	3G	3L	3E
152	ABDEGHKL	3E	3G	3B	3D	3A	3H	3L	3K
153	ABDEGIJK	3E	3J	3B	3D	3A	3G	3I	3K
154	ABDEGIJL	3E	3J	3B	3D	3A	3G	3L	3I
155	ABDEGIKL	3E	3G	3B	3A	3I	3D	3L	3K
156	ABDEGJKL	3E	3J	3B	3D	3A	3G	3L	3K
157	ABDEHIJK	3E	3J	3B	3D	3A	3H	3I	3K
158	ABDEHIJL	3E	3J	3B	3D	3A	3H	3L	3I
159	ABDEHIKL	3E	3I	3B	3D	3A	3H	3L	3K
160	ABDEHJKL	3E	3J	3B	3D	3A	3H	3L	3K
161	ABDEIJKL	3E	3J	3B	3A	3I	3D	3L	3K
162	ABDFGHIJ	3H	3G	3B	3D	3A	3F	3I	3J
163	ABDFGHIK	3H	3G	3B	3D	3A	3F	3I	3K
164	ABDFGHIL	3H	3G	3B	3D	3A	3F	3L	3I
165	ABDFGHJK	3H	3G	3B	3D	3A	3F	3J	3K
166	ABDFGHJL	3H	3G	3B	3D	3A	3F	3L	3J
167	ABDFGHKL	3H	3G	3B	3D	3A	3F	3L	3K
168	ABDFGIJK	3F	3J	3B	3D	3A	3G	3I	3K
169	ABDFGIJL	3F	3J	3B	3D	3A	3G	3L	3I
170	ABDFGIKL	3I	3G	3B	3D	3A	3F	3L	3K
171	ABDFGJKL	3F	3J	3B	3D	3A	3G	3L	3K
172	ABDFHIJK	3H	3J	3B	3D	3A	3F	3I	3K
173	ABDFHIJL	3H	3J	3B	3D	3A	3F	3L	3I
174	ABDFHIKL	3H	3I	3B	3D	3A	3F	3L	3K
175	ABDFHJKL	3H	3J	3B	3D	3A	3F	3L	3K
176	ABDFIJKL	3I	3J	3B	3D	3A	3F	3L	3K
177	ABDGHIJK	3H	3J	3B	3D	3A	3G	3I	3K
178	ABDGHIJL	3H	3J	3B	3D	3A	3G	3L	3I
179	ABDGHIKL	3I	3G	3B	3D	3A	3H	3L	3K
180	ABDGHJKL	3H	3J	3B	3D	3A	3G	3L	3K
181	ABDGIJKL	3I	3J	3B	3D	3A	3G	3L	3K
182	ABDHIJKL	3I	3J	3B	3D	3A	3H	3L	3K
183	ABEFGHIJ	3H	3J	3B	3F	3A	3G	3E	3I
184	ABEFGHIK	3E	3G	3B	3F	3A	3H	3I	3K
185	ABEFGHIL	3E	3G	3B	3F	3A	3H	3L	3I
186	ABEFGHJK	3H	3J	3B	3F	3A	3G	3E	3K
187	ABEFGHJL	3H	3J	3B	3F	3A	3G	3L	3E
188	ABEFGHKL	3E	3G	3B	3F	3A	3H	3L	3K
189	ABEFGIJK	3E	3J	3B	3F	3A	3G	3I	3K
190	ABEFGIJL	3E	3J	3B	3F	3A	3G	3L	3I
191	ABEFGIKL	3E	3G	3B	3A	3I	3F	3L	3K
192	ABEFGJKL	3E	3J	3B	3F	3A	3G	3L	3K
193	ABEFHIJK	3E	3J	3B	3F	3A	3H	3I	3K
194	ABEFHIJL	3E	3J	3B	3F	3A	3H	3L	3I
195	ABEFHIKL	3E	3I	3B	3F	3A	3H	3L	3K
196	ABEFHJKL	3E	3J	3B	3F	3A	3H	3L	3K
197	ABEFIJKL	3E	3J	3B	3A	3I	3F	3L	3K
198	ABEGHIJK	3E	3J	3B	3A	3H	3G	3I	3K
199	ABEGHIJL	3E	3J	3B	3A	3H	3G	3L	3I
200	ABEGHIKL	3E	3G	3B	3A	3I	3H	3L	3K
201	ABEGHJKL	3E	3J	3B	3A	3H	3G	3L	3K
202	ABEGIJKL	3E	3J	3B	3A	3I	3G	3L	3K
203	ABEHIJKL	3E	3J	3B	3A	3I	3H	3L	3K
204	ABFGHIJK	3H	3J	3B	3F	3A	3G	3I	3K
205	ABFGHIJL	3H	3J	3B	3F	3A	3G	3L	3I
206	ABFGHIKL	3H	3G	3B	3A	3I	3F	3L	3K
207	ABFGHJKL	3H	3J	3B	3F	3A	3G	3L	3K
208	ABFGIJKL	3I	3J	3B	3F	3A	3G	3L	3K
209	ABFHIJKL	3H	3J	3B	3A	3I	3F	3L	3K
210	ABGHIJKL	3H	3J	3B	3A	3I	3G	3L	3K
211	ACDEFGHI	3H	3G	3E	3C	3A	3F	3D	3I
212	ACDEFGHJ	3H	3G	3J	3C	3A	3F	3D	3E
213	ACDEFGHK	3H	3G	3E	3C	3A	3F	3D	3K
214	ACDEFGHL	3H	3G	3F	3C	3A	3D	3L	3E
215	ACDEFGIJ	3C	3G	3J	3D	3A	3F	3E	3I
216	ACDEFGIK	3C	3G	3E	3D	3A	3F	3I	3K
217	ACDEFGIL	3C	3G	3E	3D	3A	3F	3L	3I
218	ACDEFGJK	3C	3G	3J	3D	3A	3F	3E	3K
219	ACDEFGJL	3C	3G	3J	3D	3A	3F	3L	3E
220	ACDEFGKL	3C	3G	3E	3D	3A	3F	3L	3K
221	ACDEFHIJ	3H	3J	3E	3C	3A	3F	3D	3I
222	ACDEFHIK	3H	3E	3F	3C	3A	3D	3I	3K
223	ACDEFHIL	3H	3E	3F	3C	3A	3D	3L	3I
224	ACDEFHJK	3H	3J	3E	3C	3A	3F	3D	3K
225	ACDEFHJL	3H	3J	3F	3C	3A	3D	3L	3E
226	ACDEFHKL	3H	3E	3F	3C	3A	3D	3L	3K
227	ACDEFIJK	3C	3J	3E	3D	3A	3F	3I	3K
228	ACDEFIJL	3C	3J	3E	3D	3A	3F	3L	3I
229	ACDEFIKL	3C	3E	3I	3D	3A	3F	3L	3K
230	ACDEFJKL	3C	3J	3E	3D	3A	3F	3L	3K
231	ACDEGHIJ	3H	3G	3J	3C	3A	3D	3E	3I
232	ACDEGHIK	3H	3G	3E	3C	3A	3D	3I	3K
233	ACDEGHIL	3H	3G	3E	3C	3A	3D	3L	3I
234	ACDEGHJK	3H	3G	3J	3C	3A	3D	3E	3K
235	ACDEGHJL	3H	3G	3J	3C	3A	3D	3L	3E
236	ACDEGHKL	3H	3G	3E	3C	3A	3D	3L	3K
237	ACDEGIJK	3E	3G	3J	3C	3A	3D	3I	3K
238	ACDEGIJL	3E	3G	3J	3C	3A	3D	3L	3I
239	ACDEGIKL	3E	3G	3I	3C	3A	3D	3L	3K
240	ACDEGJKL	3E	3G	3J	3C	3A	3D	3L	3K
241	ACDEHIJK	3H	3J	3E	3C	3A	3D	3I	3K
242	ACDEHIJL	3H	3J	3E	3C	3A	3D	3L	3I
243	ACDEHIKL	3H	3E	3I	3C	3A	3D	3L	3K
244	ACDEHJKL	3H	3J	3E	3C	3A	3D	3L	3K
245	ACDEIJKL	3E	3J	3I	3C	3A	3D	3L	3K
246	ACDFGHIJ	3H	3G	3J	3C	3A	3F	3D	3I
247	ACDFGHIK	3H	3G	3F	3C	3A	3D	3I	3K
248	ACDFGHIL	3H	3G	3F	3C	3A	3D	3L	3I
249	ACDFGHJK	3H	3G	3J	3C	3A	3F	3D	3K
250	ACDFGHJL	3C	3G	3J	3D	3A	3F	3L	3H
251	ACDFGHKL	3H	3G	3F	3C	3A	3D	3L	3K
252	ACDFGIJK	3C	3G	3J	3D	3A	3F	3I	3K
253	ACDFGIJL	3C	3G	3J	3D	3A	3F	3L	3I
254	ACDFGIKL	3C	3G	3I	3D	3A	3F	3L	3K
255	ACDFGJKL	3C	3G	3J	3D	3A	3F	3L	3K
256	ACDFHIJK	3H	3J	3F	3C	3A	3D	3I	3K
257	ACDFHIJL	3H	3J	3F	3C	3A	3D	3L	3I
258	ACDFHIKL	3H	3F	3I	3C	3A	3D	3L	3K
259	ACDFHJKL	3H	3J	3F	3C	3A	3D	3L	3K
260	ACDFIJKL	3C	3J	3I	3D	3A	3F	3L	3K
261	ACDGHIJK	3H	3G	3J	3C	3A	3D	3I	3K
262	ACDGHIJL	3H	3G	3J	3C	3A	3D	3L	3I
263	ACDGHIKL	3H	3G	3I	3C	3A	3D	3L	3K
264	ACDGHJKL	3H	3G	3J	3C	3A	3D	3L	3K
265	ACDGIJKL	3I	3G	3J	3C	3A	3D	3L	3K
266	ACDHIJKL	3H	3J	3I	3C	3A	3D	3L	3K
267	ACEFGHIJ	3H	3G	3J	3C	3A	3F	3E	3I
268	ACEFGHIK	3H	3G	3E	3C	3A	3F	3I	3K
269	ACEFGHIL	3H	3G	3E	3C	3A	3F	3L	3I
270	ACEFGHJK	3H	3G	3J	3C	3A	3F	3E	3K
271	ACEFGHJL	3H	3G	3J	3C	3A	3F	3L	3E
272	ACEFGHKL	3H	3G	3E	3C	3A	3F	3L	3K
273	ACEFGIJK	3E	3G	3J	3C	3A	3F	3I	3K
274	ACEFGIJL	3E	3G	3J	3C	3A	3F	3L	3I
275	ACEFGIKL	3E	3G	3I	3C	3A	3F	3L	3K
276	ACEFGJKL	3E	3G	3J	3C	3A	3F	3L	3K
277	ACEFHIJK	3H	3J	3E	3C	3A	3F	3I	3K
278	ACEFHIJL	3H	3J	3E	3C	3A	3F	3L	3I
279	ACEFHIKL	3H	3E	3I	3C	3A	3F	3L	3K
280	ACEFHJKL	3H	3J	3E	3C	3A	3F	3L	3K
281	ACEFIJKL	3E	3J	3I	3C	3A	3F	3L	3K
282	ACEGHIJK	3E	3G	3J	3C	3A	3H	3I	3K
283	ACEGHIJL	3E	3G	3J	3C	3A	3H	3L	3I
284	ACEGHIKL	3E	3G	3I	3C	3A	3H	3L	3K
285	ACEGHJKL	3E	3G	3J	3C	3A	3H	3L	3K
286	ACEGIJKL	3E	3J	3I	3C	3A	3G	3L	3K
287	ACEHIJKL	3E	3J	3I	3C	3A	3H	3L	3K
288	ACFGHIJK	3H	3G	3J	3C	3A	3F	3I	3K
289	ACFGHIJL	3H	3G	3J	3C	3A	3F	3L	3I
290	ACFGHIKL	3H	3G	3I	3C	3A	3F	3L	3K
291	ACFGHJKL	3H	3G	3J	3C	3A	3F	3L	3K
292	ACFGIJKL	3I	3G	3J	3C	3A	3F	3L	3K
293	ACFHIJKL	3H	3J	3I	3C	3A	3F	3L	3K
294	ACGHIJKL	3H	3J	3I	3C	3A	3G	3L	3K
295	ADEFGHIJ	3H	3G	3J	3D	3A	3F	3E	3I
296	ADEFGHIK	3H	3G	3E	3D	3A	3F	3I	3K
297	ADEFGHIL	3H	3G	3E	3D	3A	3F	3L	3I
298	ADEFGHJK	3H	3G	3J	3D	3A	3F	3E	3K
299	ADEFGHJL	3H	3G	3J	3D	3A	3F	3L	3E
300	ADEFGHKL	3H	3G	3E	3D	3A	3F	3L	3K
301	ADEFGIJK	3E	3G	3J	3D	3A	3F	3I	3K
302	ADEFGIJL	3E	3G	3J	3D	3A	3F	3L	3I
303	ADEFGIKL	3E	3G	3I	3D	3A	3F	3L	3K
304	ADEFGJKL	3E	3G	3J	3D	3A	3F	3L	3K
305	ADEFHIJK	3H	3J	3E	3D	3A	3F	3I	3K
306	ADEFHIJL	3H	3J	3E	3D	3A	3F	3L	3I
307	ADEFHIKL	3H	3E	3I	3D	3A	3F	3L	3K
308	ADEFHJKL	3H	3J	3E	3D	3A	3F	3L	3K
309	ADEFIJKL	3E	3J	3I	3D	3A	3F	3L	3K
310	ADEGHIJK	3E	3G	3J	3D	3A	3H	3I	3K
311	ADEGHIJL	3E	3G	3J	3D	3A	3H	3L	3I
312	ADEGHIKL	3E	3G	3I	3D	3A	3H	3L	3K
313	ADEGHJKL	3E	3G	3J	3D	3A	3H	3L	3K
314	ADEGIJKL	3E	3J	3I	3D	3A	3G	3L	3K
315	ADEHIJKL	3E	3J	3I	3D	3A	3H	3L	3K
316	ADFGHIJK	3H	3G	3J	3D	3A	3F	3I	3K
317	ADFGHIJL	3H	3G	3J	3D	3A	3F	3L	3I
318	ADFGHIKL	3H	3G	3I	3D	3A	3F	3L	3K
319	ADFGHJKL	3H	3G	3J	3D	3A	3F	3L	3K
320	ADFGIJKL	3I	3G	3J	3D	3A	3F	3L	3K
321	ADFHIJKL	3H	3J	3I	3D	3A	3F	3L	3K
322	ADGHIJKL	3H	3J	3I	3D	3A	3G	3L	3K
323	AEFGHIJK	3E	3G	3J	3F	3A	3H	3I	3K
324	AEFGHIJL	3E	3G	3J	3F	3A	3H	3L	3I
325	AEFGHIKL	3E	3G	3I	3F	3A	3H	3L	3K
326	AEFGHJKL	3E	3G	3J	3F	3A	3H	3L	3K
327	AEFGIJKL	3E	3J	3I	3F	3A	3G	3L	3K
328	AEFHIJKL	3E	3J	3I	3F	3A	3H	3L	3K
329	AEGHIJKL	3E	3J	3I	3A	3H	3G	3L	3K
330	AFGHIJKL	3H	3J	3I	3F	3A	3G	3L	3K
331	BCDEFGHI	3C	3G	3B	3D	3H	3F	3E	3I
332	BCDEFGHJ	3H	3G	3B	3C	3J	3F	3D	3E
333	BCDEFGHK	3C	3G	3B	3D	3H	3F	3E	3K
334	BCDEFGHL	3C	3G	3B	3D	3H	3F	3L	3E
335	BCDEFGIJ	3C	3G	3B	3D	3J	3F	3E	3I
336	BCDEFGIK	3C	3G	3B	3D	3E	3F	3I	3K
337	BCDEFGIL	3C	3G	3B	3D	3E	3F	3L	3I
338	BCDEFGJK	3C	3G	3B	3D	3J	3F	3E	3K
339	BCDEFGJL	3C	3G	3B	3D	3J	3F	3L	3E
340	BCDEFGKL	3C	3G	3B	3D	3E	3F	3L	3K
341	BCDEFHIJ	3C	3J	3B	3D	3H	3F	3E	3I
342	BCDEFHIK	3C	3E	3B	3D	3H	3F	3I	3K
343	BCDEFHIL	3C	3E	3B	3D	3H	3F	3L	3I
344	BCDEFHJK	3C	3J	3B	3D	3H	3F	3E	3K
345	BCDEFHJL	3C	3J	3B	3D	3H	3F	3L	3E
346	BCDEFHKL	3C	3E	3B	3D	3H	3F	3L	3K
347	BCDEFIJK	3C	3J	3B	3D	3E	3F	3I	3K
348	BCDEFIJL	3C	3J	3B	3D	3E	3F	3L	3I
349	BCDEFIKL	3C	3E	3B	3D	3I	3F	3L	3K
350	BCDEFJKL	3C	3J	3B	3D	3E	3F	3L	3K
351	BCDEGHIJ	3H	3G	3B	3C	3J	3D	3E	3I
352	BCDEGHIK	3E	3G	3B	3C	3H	3D	3I	3K
353	BCDEGHIL	3E	3G	3B	3C	3H	3D	3L	3I
354	BCDEGHJK	3H	3G	3B	3C	3J	3D	3E	3K
355	BCDEGHJL	3H	3G	3B	3C	3J	3D	3L	3E
356	BCDEGHKL	3E	3G	3B	3C	3H	3D	3L	3K
357	BCDEGIJK	3E	3G	3B	3C	3J	3D	3I	3K
358	BCDEGIJL	3E	3G	3B	3C	3J	3D	3L	3I
359	BCDEGIKL	3E	3G	3B	3C	3I	3D	3L	3K
360	BCDEGJKL	3E	3G	3B	3C	3J	3D	3L	3K
361	BCDEHIJK	3E	3J	3B	3C	3H	3D	3I	3K
362	BCDEHIJL	3E	3J	3B	3C	3H	3D	3L	3I
363	BCDEHIKL	3E	3I	3B	3C	3H	3D	3L	3K
364	BCDEHJKL	3E	3J	3B	3C	3H	3D	3L	3K
365	BCDEIJKL	3E	3J	3B	3C	3I	3D	3L	3K
366	BCDFGHIJ	3H	3G	3B	3C	3J	3F	3D	3I
367	BCDFGHIK	3C	3G	3B	3D	3H	3F	3I	3K
368	BCDFGHIL	3C	3G	3B	3D	3H	3F	3L	3I
369	BCDFGHJK	3H	3G	3B	3C	3J	3F	3D	3K
370	BCDFGHJL	3C	3G	3B	3D	3H	3F	3L	3J
371	BCDFGHKL	3C	3G	3B	3D	3H	3F	3L	3K
372	BCDFGIJK	3C	3G	3B	3D	3J	3F	3I	3K
373	BCDFGIJL	3C	3G	3B	3D	3J	3F	3L	3I
374	BCDFGIKL	3C	3G	3B	3D	3I	3F	3L	3K
375	BCDFGJKL	3C	3G	3B	3D	3J	3F	3L	3K
376	BCDFHIJK	3C	3J	3B	3D	3H	3F	3I	3K
377	BCDFHIJL	3C	3J	3B	3D	3H	3F	3L	3I
378	BCDFHIKL	3C	3I	3B	3D	3H	3F	3L	3K
379	BCDFHJKL	3C	3J	3B	3D	3H	3F	3L	3K
380	BCDFIJKL	3C	3J	3B	3D	3I	3F	3L	3K
381	BCDGHIJK	3H	3G	3B	3C	3J	3D	3I	3K
382	BCDGHIJL	3H	3G	3B	3C	3J	3D	3L	3I
383	BCDGHIKL	3H	3G	3B	3C	3I	3D	3L	3K
384	BCDGHJKL	3H	3G	3B	3C	3J	3D	3L	3K
385	BCDGIJKL	3I	3G	3B	3C	3J	3D	3L	3K
386	BCDHIJKL	3H	3J	3B	3C	3I	3D	3L	3K
387	BCEFGHIJ	3H	3G	3B	3C	3J	3F	3E	3I
388	BCEFGHIK	3E	3G	3B	3C	3H	3F	3I	3K
389	BCEFGHIL	3E	3G	3B	3C	3H	3F	3L	3I
390	BCEFGHJK	3H	3G	3B	3C	3J	3F	3E	3K
391	BCEFGHJL	3H	3G	3B	3C	3J	3F	3L	3E
392	BCEFGHKL	3E	3G	3B	3C	3H	3F	3L	3K
393	BCEFGIJK	3E	3G	3B	3C	3J	3F	3I	3K
394	BCEFGIJL	3E	3G	3B	3C	3J	3F	3L	3I
395	BCEFGIKL	3E	3G	3B	3C	3I	3F	3L	3K
396	BCEFGJKL	3E	3G	3B	3C	3J	3F	3L	3K
397	BCEFHIJK	3E	3J	3B	3C	3H	3F	3I	3K
398	BCEFHIJL	3E	3J	3B	3C	3H	3F	3L	3I
399	BCEFHIKL	3E	3I	3B	3C	3H	3F	3L	3K
400	BCEFHJKL	3E	3J	3B	3C	3H	3F	3L	3K
401	BCEFIJKL	3E	3J	3B	3C	3I	3F	3L	3K
402	BCEGHIJK	3E	3J	3B	3C	3H	3G	3I	3K
403	BCEGHIJL	3E	3J	3B	3C	3H	3G	3L	3I
404	BCEGHIKL	3E	3G	3B	3C	3I	3H	3L	3K
405	BCEGHJKL	3E	3J	3B	3C	3H	3G	3L	3K
406	BCEGIJKL	3E	3J	3B	3C	3I	3G	3L	3K
407	BCEHIJKL	3E	3J	3B	3C	3I	3H	3L	3K
408	BCFGHIJK	3H	3G	3B	3C	3J	3F	3I	3K
409	BCFGHIJL	3H	3G	3B	3C	3J	3F	3L	3I
410	BCFGHIKL	3H	3G	3B	3C	3I	3F	3L	3K
411	BCFGHJKL	3H	3G	3B	3C	3J	3F	3L	3K
412	BCFGIJKL	3I	3G	3B	3C	3J	3F	3L	3K
413	BCFHIJKL	3H	3J	3B	3C	3I	3F	3L	3K
414	BCGHIJKL	3H	3J	3B	3C	3I	3G	3L	3K
415	BDEFGHIJ	3H	3G	3B	3D	3J	3F	3E	3I
416	BDEFGHIK	3E	3G	3B	3D	3H	3F	3I	3K
417	BDEFGHIL	3E	3G	3B	3D	3H	3F	3L	3I
418	BDEFGHJK	3H	3G	3B	3D	3J	3F	3E	3K
419	BDEFGHJL	3H	3G	3B	3D	3J	3F	3L	3E
420	BDEFGHKL	3E	3G	3B	3D	3H	3F	3L	3K
421	BDEFGIJK	3E	3G	3B	3D	3J	3F	3I	3K
422	BDEFGIJL	3E	3G	3B	3D	3J	3F	3L	3I
423	BDEFGIKL	3E	3G	3B	3D	3I	3F	3L	3K
424	BDEFGJKL	3E	3G	3B	3D	3J	3F	3L	3K
425	BDEFHIJK	3E	3J	3B	3D	3H	3F	3I	3K
426	BDEFHIJL	3E	3J	3B	3D	3H	3F	3L	3I
427	BDEFHIKL	3E	3I	3B	3D	3H	3F	3L	3K
428	BDEFHJKL	3E	3J	3B	3D	3H	3F	3L	3K
429	BDEFIJKL	3E	3J	3B	3D	3I	3F	3L	3K
430	BDEGHIJK	3E	3J	3B	3D	3H	3G	3I	3K
431	BDEGHIJL	3E	3J	3B	3D	3H	3G	3L	3I
432	BDEGHIKL	3E	3G	3B	3D	3I	3H	3L	3K
433	BDEGHJKL	3E	3J	3B	3D	3H	3G	3L	3K
434	BDEGIJKL	3E	3J	3B	3D	3I	3G	3L	3K
435	BDEHIJKL	3E	3J	3B	3D	3I	3H	3L	3K
436	BDFGHIJK	3H	3G	3B	3D	3J	3F	3I	3K
437	BDFGHIJL	3H	3G	3B	3D	3J	3F	3L	3I
438	BDFGHIKL	3H	3G	3B	3D	3I	3F	3L	3K
439	BDFGHJKL	3H	3G	3B	3D	3J	3F	3L	3K
440	BDFGIJKL	3I	3G	3B	3D	3J	3F	3L	3K
441	BDFHIJKL	3H	3J	3B	3D	3I	3F	3L	3K
442	BDGHIJKL	3H	3J	3B	3D	3I	3G	3L	3K
443	BEFGHIJK	3E	3J	3B	3F	3H	3G	3I	3K
444	BEFGHIJL	3E	3J	3B	3F	3H	3G	3L	3I
445	BEFGHIKL	3E	3G	3B	3F	3I	3H	3L	3K
446	BEFGHJKL	3E	3J	3B	3F	3H	3G	3L	3K
447	BEFGIJKL	3E	3J	3B	3F	3I	3G	3L	3K
448	BEFHIJKL	3E	3J	3B	3F	3I	3H	3L	3K
449	BEGHIJKL	3E	3J	3I	3B	3H	3G	3L	3K
450	BFGHIJKL	3H	3J	3B	3F	3I	3G	3L	3K
451	CDEFGHIJ	3C	3G	3J	3D	3H	3F	3E	3I
452	CDEFGHIK	3C	3G	3E	3D	3H	3F	3I	3K
453	CDEFGHIL	3C	3G	3E	3D	3H	3F	3L	3I
454	CDEFGHJK	3C	3G	3J	3D	3H	3F	3E	3K
455	CDEFGHJL	3C	3G	3J	3D	3H	3F	3L	3E
456	CDEFGHKL	3C	3G	3E	3D	3H	3F	3L	3K
457	CDEFGIJK	3C	3G	3E	3D	3J	3F	3I	3K
458	CDEFGIJL	3C	3G	3E	3D	3J	3F	3L	3I
459	CDEFGIKL	3C	3G	3E	3D	3I	3F	3L	3K
460	CDEFGJKL	3C	3G	3E	3D	3J	3F	3L	3K
461	CDEFHIJK	3C	3J	3E	3D	3H	3F	3I	3K
462	CDEFHIJL	3C	3J	3E	3D	3H	3F	3L	3I
463	CDEFHIKL	3C	3E	3I	3D	3H	3F	3L	3K
464	CDEFHJKL	3C	3J	3E	3D	3H	3F	3L	3K
465	CDEFIJKL	3C	3J	3E	3D	3I	3F	3L	3K
466	CDEGHIJK	3E	3G	3J	3C	3H	3D	3I	3K
467	CDEGHIJL	3E	3G	3J	3C	3H	3D	3L	3I
468	CDEGHIKL	3E	3G	3I	3C	3H	3D	3L	3K
469	CDEGHJKL	3E	3G	3J	3C	3H	3D	3L	3K
470	CDEGIJKL	3E	3G	3I	3C	3J	3D	3L	3K
471	CDEHIJKL	3E	3J	3I	3C	3H	3D	3L	3K
472	CDFGHIJK	3C	3G	3J	3D	3H	3F	3I	3K
473	CDFGHIJL	3C	3G	3J	3D	3H	3F	3L	3I
474	CDFGHIKL	3C	3G	3I	3D	3H	3F	3L	3K
475	CDFGHJKL	3C	3G	3J	3D	3H	3F	3L	3K
476	CDFGIJKL	3C	3G	3I	3D	3J	3F	3L	3K
477	CDFHIJKL	3C	3J	3I	3D	3H	3F	3L	3K
478	CDGHIJKL	3H	3G	3I	3C	3J	3D	3L	3K
479	CEFGHIJK	3E	3G	3J	3C	3H	3F	3I	3K
480	CEFGHIJL	3E	3G	3J	3C	3H	3F	3L	3I
481	CEFGHIKL	3E	3G	3I	3C	3H	3F	3L	3K
482	CEFGHJKL	3E	3G	3J	3C	3H	3F	3L	3K
483	CEFGIJKL	3E	3G	3I	3C	3J	3F	3L	3K
484	CEFHIJKL	3E	3J	3I	3C	3H	3F	3L	3K
485	CEGHIJKL	3E	3J	3I	3C	3H	3G	3L	3K
486	CFGHIJKL	3H	3G	3I	3C	3J	3F	3L	3K
487	DEFGHIJK	3E	3G	3J	3D	3H	3F	3I	3K
488	DEFGHIJL	3E	3G	3J	3D	3H	3F	3L	3I
489	DEFGHIKL	3E	3G	3I	3D	3H	3F	3L	3K
490	DEFGHJKL	3E	3G	3J	3D	3H	3F	3L	3K
491	DEFGIJKL	3E	3G	3I	3D	3J	3F	3L	3K
492	DEFHIJKL	3E	3J	3I	3D	3H	3F	3L	3K
493	DEGHIJKL	3E	3J	3I	3D	3H	3G	3L	3K
494	DFGHIJKL	3H	3G	3I	3D	3J	3F	3L	3K
495	EFGHIJKL	3E	3J	3I	3F	3H	3G	3L	3K
